MARCA	PRODUTO	Estoque	PREÇO UNID.
			
Aluminio Nacional	caçarola vapor n. 26	0	55.15
Aluminio Nacional	omeleteira	0	18.55
Aluminio Nacional	forma de bolo 22	0	10.4
Aluminio Nacional	CaldeirăoHotel  24	0	57
Aluminio Nacional	Caçarola vapor 26	0	92
Aluminio Nacional	Caçarola vapor  30	0	124
Aluminio Nacional	Caçarola vapor  36	0	161
Aluminio Nacional	Caçarola 34	0	94
Aluminio Nacional	Caçarola 36	0	108
Aluminio Nacional	Caçarola 38	0	129
Aluminio Nacional	Caçarola 40	0	153
Aluminio Nacional	Caçarola 45	0	184
Aluminio Nacional	Paella c/ tampa 45	0	135
Aluminio Nacional	Paella c/ tampa 50	0	155
Aluminio Nacional	Paella c/ tampa 60	0	255
Aluminio Nacional	Frigideira Hotel Teflon 50 com tampa	0	145
Aluminio Nacional	Bule hotel n 09	0	99
Aluminio Nacional	tripe p/ bule	0	44
Aluminio Nacional	Panela de Pressăo 15 litros	0	314
Aluminio Nacional	Panela de Pressăo 20 litros	0	348
Aluminio Nacional	Assadeira n3	0	16
Aluminio Nacional	Assadeira n4	0	22
Aluminio Nacional	Assadeira n5	0	30
			
Aluminio ararense	Caçarola Fundida c/ cabo 14	0	20
Aluminio ararense	Caçarola Fundida c/ cabo 16	0	23
Aluminio ararense	Caçarola Fundida c/ cabo 18	0	27
Aluminio ararense	Caçarola Fundida c/ cabo 20	0	29
Aluminio ararense	Caçarola Fundida c/ cabo 22	0	32
Aluminio ararense	Caçarola Fundida c/ cabo 24	0	37
Aluminio ararense	Caçarola Fundida c/ cabo 26	0	42
Aluminio ararense	Caçarola Fundida n. 16	0	27
Aluminio ararense	Caçarola Fundida n.18	0	31
Aluminio ararense	Caçarola fundida n.20	0	34
Aluminio ararense	Caçarola fundida n.22	0	37
Aluminio ararense	Caçarola Fundida nş 24	0	43
Aluminio ararense	Caçarola Fundida nş 26	0	50
Aluminio ararense	Caçarola Fundida nş 28	0	55
Aluminio ararense	Caçarola Fundida nş30	0	80
Aluminio ararense	Caçarola Fundida nş 32	0	95
Aluminio ararense	Caçarola Fundida nş 34	0	106
Aluminio ararense	Caçarola Fundida nş 36	0	129
Aluminio ararense	Caçarola Fundida nş 38	0	145
Aluminio ararense	Caçarola Fundida nş 40	0	183
Aluminio ararense	Caçarola fundida n. 45	0	284
Aluminio ararense	caçarola fundida n. 50	0	381
Aluminio ararense	caçarola fundida n. 60	0	0
Aluminio ararense	Caldeirao Fundido 16	0	31
Aluminio ararense	Caldeirao Fundido 20	0	45
Aluminio ararense	Caldeirao Fundido 22	0	53
Aluminio ararense	frigideira alta fundida n.32 c/ tampa	0	56
Aluminio ararense	Frigideira alta fundida n.36 c/ tampa	0	76
Aluminio ararense	caldeirăo n. 26	0	56.68
Aluminio ararense	Caldeirăo n. 28	0	67.81
Aluminio ararense	Caldeirao nş 30	0	81.51
Aluminio ararense	caldeirăo n. 32	0	88.73
Aluminio ararense	Caldeirao nş 34	0	100.23
Aluminio ararense	Caldeirao nş 36	0	114.86
Aluminio ararense	caldeirăo n. 38	0	124.11
Aluminio ararense	Caçarola hotel n. 24	0	37
Aluminio ararense	caçarola hotel n. 26	0	41.37
Aluminio ararense	Caçarola hotel n. 28	0	49.4
Aluminio ararense	caçarola hotel n. 30	0	59.5
Aluminio ararense	çaçarola hotel n. 32	0	65.79
Aluminio ararense	caçarola hotel n. 34	0	72.91
Aluminio ararense	caçarola hotel n. 38	0	92.17
Aluminio ararense	abafador hambuger 14	0	6.9
Aluminio ararense	abafador hambuger 16	0	7.9
Aluminio ararense	abafador hamburger 18	0	8.9
Aluminio ararense	abafador hambuger 20	0	10.5
Aluminio ararense	canecăo n.16	0	20.2
Aluminio ararense	canecăo n.18 4l	0	28.9
Aluminio ararense	Canecăo nş 20	0	28.9
Aluminio ararense	canecăo nş 22	0	33
Aluminio ararense	concha  09	0	9.9
Aluminio ararense	concha 10	0	15.5
Aluminio ararense	Concha 14	0	14
Aluminio ararense	espumadeira 09	0	7.7
Aluminio ararense	espumadeira 12	0	16.5
Aluminio ararense	Assadeira PIZZA n.25	0	8.47
Aluminio ararense	Assadeira Pizza n. 33	0	9.23
Aluminio ararense	assadeira PIZZA n35	0	15.2
Aluminio ararense	tampa PIZZA n35	0	14.5
Aluminio ararense	Assadeira PIZZA n 40	0	16
Aluminio ararense	Assadeira PIZZA n45	0	22
Aluminio ararense	assadeira redonda n. 34	0	16.55
Aluminio ararense	assadeira f. falso ,n.03	0	12
Aluminio ararense	chaleira n. 24 	0	45
Aluminio ararense	tampa 24	0	13
Aluminio ararense	tampa 28	0	15
Aluminio ararense	tampa 34	0	22
Aluminio ararense	tampa 36	0	25
Aluminio ararense	tampa 38	0	30
Aluminio ararense	tampa 40	0	32
Aluminio ararense	tampa 45	0	35
Aluminio ararense	tampa 50	0	46
Aluminio ararense	tampa 60	0	65
			
Aluminio Cajamag	Caçarola hotel n.36	0	109
Aluminio Cajamag	Caçarola hotel n.40	0	131
Aluminio Cajamag	Caçarola hotel n.45	0	179
Aluminio Cajamag	Caçarola hotel n.50	0	234
Aluminio Cajamag	Caldeirăo hotel n. 30	0	91
Aluminio Cajamag	Caldeirăo hotel n. 32	0	110
Aluminio Cajamag	Canecăo hotel n. 14	0	24
Aluminio Cajamag	Canecăo hotel n. 16	0	31
Aluminio Cajamag	Canecăo hotel n. 22	0	48
			
Artigos de Ferro Fundido	suporte p/ panelas 5 Lugares	0	115
Artigos de Ferro Fundido	suporte p/ panelas 10 Lugares	0	152
Artigos de Ferro Fundido	panela n.16	0	26.3
Artigos de Ferro Fundido	panela n.18	0	82
Artigos de Ferro Fundido	panela n.20	0	90
Artigos de Ferro Fundido	panela n.22	0	102
Artigos de Ferro Fundido	panela n.24	0	109
Artigos de Ferro Fundido	panela n. 26	0	140
Artigos de Ferro Fundido	panela n.28	0	145
Artigos de Ferro Fundido	panela n. 30	0	152
Artigos de Ferro Fundido	panela n. 32	0	244
Artigos de Ferro Fundido	panela n.36	0	244
Artigos de Ferro Fundido	panela tripe n05	0	104
Artigos de Ferro Fundido	panela tripe n07	0	119
Artigos de Ferro Fundido	frigideira n 22 c/ tampa	0	68.35
Artigos de Ferro Fundido	frigideira n.24  c/ tampa	0	83
Artigos de Ferro Fundido	frigideira n. 35 s/ tampa	0	123
Artigos de Ferro Fundido	frigideira n.35 c/ tampa	0	69
Artigos de Ferro Fundido	bifeteira redonda lisa 25cm 	0	44
Artigos de Ferro Fundido	bifeteira redonda estriada	0	26
Artigos de Ferro Fundido	bifeteira  quadrada frisada	0	28
Artigos de Ferro Fundido	bifeteira  quadrada lisa 25x25	0	51
Artigos de Ferro Fundido	chapa  24x30,5	0	70
Artigos de Ferro Fundido	chapa 25x35	0	63
Artigos de Ferro Fundido	chapa 25x45 lisa	0	109
Artigos de Ferro Fundido	chapa 25x45 lisa + estriada	0	65
Artigos de Ferro Fundido	Chapa Bifeteira Ret. 25x50 D. fac	0	68
Artigos de Ferro Fundido	chapa dupla face redonda	0	39
Artigos de Ferro Fundido	chapa 30x62	0	160
Artigos de Ferro Fundido	chapa 90x40	0	148
Artigos de Ferro Fundido	picanheira 45cm	0	141
Artigos de Ferro Fundido	PAEELA 60	0	155
Artigos de Ferro Fundido	tapioqueira 19cm	0	13
Artigos de Ferro Fundido	tabuleiro 2 alças	0	98
Artigos de Ferro Fundido	forno galvanizado	0	99
Artigos de Ferro Fundido	forno ferro fundido	0	419
Artigos de Ferro Fundido	forno ferro fundido p vidro	0	810
Artigos de Ferro Fundido	forno ferro fundido (vermelho)	0	470
Artigos de Ferro Fundido	Forno de Chapa nş03	0	99
Artigos de Ferro Fundido	gaveta cinzeiro porta de ferro	0	132
Artigos de Ferro Fundido	gaveta cinzeiro	0	41
Artigos de Ferro Fundido	porta p/ cinzeiro	0	54
Artigos de Ferro Fundido	chapa 3 furos	0	64
Artigos de Ferro Fundido	chapa 3 furos multiuso pq	0	195
Artigos de Ferro Fundido	chapa 3 furos c/ reduçăo	0	108
Artigos de Ferro Fundido	chapa 4 furos c/ reduçăo	0	155
Artigos de Ferro Fundido	chapa miltiuso	0	190
Artigos de Ferro Fundido	chapa 4 furos	0	68
Artigos de Ferro Fundido	amassador bife G	0	48
Artigos de Ferro Fundido	amassador bife  P	0	20
Artigos de Ferro Fundido	bifeteira  1 chama	0	85
Artigos de Ferro Fundido	bifeteira 2 chamas	0	211
Artigos de Ferro Fundido	churrasqueira gengiskan   completa	0	294
Artigos de Ferro Fundido	 churrasqueira porquinho	0	257
Artigos de Ferro Fundido	sanduicheira 19x10	0	40
			
Aluminio Săo Jorge	caldeirăo n.24	0	48
Aluminio Săo Jorge	caldeirăo n.26	0	52
Aluminio Săo Jorge	caldeirăo n.28	0	65
Aluminio Săo Jorge	caldeirăo n.30	0	68
Aluminio Săo Jorge	caldeirăo n.32	0	84
Aluminio Săo Jorge	caldeirăo n.34	0	96
Aluminio Săo Jorge	caldeirăo n.36	0	114
Aluminio Săo Jorge	caldeirăo n.38	1	155
Aluminio Săo Jorge	caldeirăo n.40	1	158
Aluminio Săo Jorge	caldeirăo n.55	0	194
Aluminio Săo Jorge	canecăo n. 14	0	27
Aluminio Săo Jorge	caneçăo n.16	0	31
Aluminio Săo Jorge	canecăo n. 18	0	35
Aluminio Săo Jorge	canecăo n.22	0	46
Aluminio Săo Jorge	BULE  4.5L	0	55
Aluminio Săo Jorge	caçarola hotel n. 24	0	48
Aluminio Săo Jorge	caçarola hotel n. 28	0	63
Aluminio Săo Jorge	caçarola hotel n. 30	0	63
Aluminio Săo Jorge	caçarola hotel n. 32	1	85.1
Aluminio Săo Jorge	caçarola hotel n. 34	0	87
Aluminio Săo Jorge	caçarola hotel n 36	0	90
Aluminio Săo Jorge	caçarola hotel n.38	0	116
Aluminio Săo Jorge	caçarola hotel n.38 Especial	0	88
Aluminio Săo Jorge	Cacarola hotel n. 40	0	123
Aluminio Săo Jorge	Cacarola hotel n. 45	0	148
Aluminio Săo Jorge	Cacarola hotel n. 50	1	204
Aluminio Săo Jorge	Cacarola hotel n. 55	0	236
Aluminio Săo Jorge	Cacarola hotel n. 60	0	305
Aluminio Săo Jorge	caçarola alça mad n.28	0	41
Aluminio Săo Jorge	caçarola alça mad n.30	0	47
Aluminio Săo Jorge	caçarola alça mad n.32	0	54
Aluminio Săo Jorge	caçarola alça mad n.34	0	63
Aluminio Săo Jorge	caçarola alça mad n.36	0	65
Aluminio Săo Jorge	caçarola alça mad n.38	0	75
Aluminio Săo Jorge	caçarola alça mad n.40	0	75.35
Aluminio Săo Jorge	cacarola cabo madeira n.20	0	26
Aluminio Săo Jorge	caçarola cabo madeira n. 22	0	28
Aluminio Săo Jorge	caçarola cabo madeira n. 24	0	30
Aluminio Săo Jorge	mantimento n.01	0	51.5
Aluminio Săo Jorge	mantimento n.02	0	84
Aluminio Săo Jorge	forma de păo	0	8.9
Aluminio Săo Jorge	forma pizza	0	15
Aluminio Săo Jorge	assadeira hotel n.20	0	110
Aluminio Săo Jorge	pipoqueira 	0	32
Aluminio Săo Jorge	escumadeira hotel  n.11	0	7
Aluminio Săo Jorge	escumadeira  hotel n. 13	0	13
Aluminio Săo Jorge	escumadeira hotel  n.15	0	18
Aluminio Săo Jorge	concha hotel n.10	0	12
Aluminio Săo Jorge	concha hotel n.12	0	15
Aluminio Săo Jorge	concha  hotel n. 15	0	21.5
Aluminio Săo Jorge	panela de pressao 3,0 l	0	25
Aluminio Săo Jorge	panela de pressăo 4,5 l	0	26
Aluminio Săo Jorge	panela de pressao 7,0 l	0	48
Aluminio Săo Jorge	panela de pressao 10 l Fechamento Ext.	0	169
Aluminio Săo Jorge	panela de pressao 15 l Fechamento Ext.	0	276
Aluminio Săo Jorge	panela de pressao 20 l Fechamento Ext.	0	305
Aluminio Săo Jorge	escorredor arroz n. 35	0	47
Aluminio Săo Jorge	escorredor arroz n. 40	0	64
Aluminio Săo Jorge	escorredor arroz n.45	0	59
Aluminio Săo Jorge	escorredor arroz n 50	0	64.1
Aluminio Săo Jorge	escorredor macarrăo n.35	0	42
Aluminio Săo Jorge	escorredor macarrăo n.40	0	54
Aluminio Săo Jorge	escorredor macarrăo n.45	0	63
Aluminio Săo Jorge	escorredor macarrăo n.50	0	79
Aluminio Săo Jorge	assadeira com grelha	0	41
Aluminio Săo Jorge	Assadeira PIZZA N.35	0	15
Aluminio Săo Jorge	Concha n.10 hotel	0	13
			
Panelas de Barro	jogo de travessas 4 pçs	0	55
			
Alfa peças	fogăo 2b c/ mang inox	0	109
Alfa peças	pasteleiro inox  tacho  16	0	208
Alfa peças	pasteleiro inox tacho 18	0	233
Alfa peças	pasteleiro inox tacho 20	0	254
Alfa peças	tacho 7 litros A.P	0	200
Alfa peças	tacho 3 litros A.P	0	175
Alfa peças	tacho 5 litros A.P	0	181
Alfa peças	tacho eletrico 3 litros	0	178
Alfa peças	tacho eletrico 7 litros	0	246
Alfa peças	fritador 1 cuba 3 litros	0	230
Alfa peças	fritador 1 cuba 5 litros	0	262
Alfa peças	fritador 2 cubas 3 litros	0	455
Alfa peças	fritador 2 cubas 3 litros e 5 litros	0	480
Alfa peças	fritador 2 cubas 5  litros	0	498
Alfa peças	fritador 1 cubas 7  litros	0	311
Alfa peças	fritador 2 cubas 7  litros	0	529
Alfa peças	tampa p/ fritadeira	0	16
Alfa peças	churrasqueira eltrica esmaltada	0	161
Alfa peças	churrasqueira c/ infra e espetos	0	247
Alfa peças	churrasqueira vertical carvăo	0	260
Alfa peças	churrasqueira esmaltada grelha e esp.	0	90
Alfa peças	forma esmaltada com grelha	0	24
Alfa peças	churrasqueira p/ fogăo	0	60
Alfa peças	escorredor de pastel 30x40	1	77
Alfa peças	escorredor de pastel 50x35	0	87
Alfa peças	escorredor de pastel 60x40	0	97
Alfa peças	frigideira c/ cesto	0	48
Alfa peças	Cabeçote fritador 1 cuba 2.500 w 110v	0	142
Alfa peças	tacho sem alça	0	52
Alfa peças	grelha peixa grande	0	38
Alfa peças	fogăo 2 b mesa esmaltado com mangueira	0	115
			
        Bartmann	Faca cruzeta b. 05	0	6.8
        Bartmann	Faca cruzeta B 08	0	10
        Bartmann	Faca cruzeta B 10	0	12
        Bartmann	Faca cruzeta B 22	0	14
        Bartmann	faca cruzeta b 22 inox	0	24
        Bartmann	faca cruzeta b 98	0	51
        Bartmann	Cruzeta b. 98  S	0	49
        Bartmann	Cruzeta b. 98  INOX Curva	0	66
        Bartmann	jogo funil b 22	0	18
        Bartmann	jogo funil b 08	1	15
        Bartmann	jogo funil b 10	0	18
        Bartmann	jogo funil para ensacadeira	0	15
        Bartmann	Arruela fibra b 08	0	1.5
        Bartmann	Arruela  fibra B 10 eixo p	0	1.8
        Bartmann	Arruela bronze  b 08	0	4.5
        Bartmann	Arruela fibra B 22	0	2.15
        Bartmann	Arruela  22 bronze	0	6.5
        Bartmann	Disco b. 05 8mm	0	9.5
        Bartmann	Disco b.08 5mm	0	9.2
        Bartmann	Disco B 08-6 mm	0	13
        Bartmann	Disco B08  8mm	0	13
        Bartmann	Disco B08 10mm	0	9.2
        Bartmann	Disco B08 rim	0	17.6
        Bartmann	Disco b10 8mm	0	22
        Bartmann	Disco B 10 6  mm	0	0
        Bartmann	Disco B 10 10  mm	0	23
        Bartmann	Disco B 10RIM	0	24
        Bartmann	Disco B 22 6 mm	0	19
        Bartmann	Disco B 22 8 mm	0	26
        Bartmann	Disco B 22 10mm	0	39
        Bartmann	Disco B 22 Rim	0	30
        Bartmann	Disco b. 98 4mm	0	36
        Bartmann	Disco b. 98 10mm	0	38
        Bartmann	Serra fita 1,45	2	20
        Bartmann	Serra fita 1,49	0	24.7
        Bartmann	Serra fita 1,55	1	22
        Bartmann	Serra fita 1,65	1	22
        Bartmann	Serra fita 1,69	0	24.7
        Bartmann	Serra fita 1,78	0	28
        Bartmann	Serra fita 1,80	0	30
        Bartmann	Serra fita 1,82	0	31
        Bartmann	Serra fita 1,70	0	25
        Bartmann	serra fita 1,75m	0	25.4
        Bartmann	serra fita 1,78m	0	28
        Bartmann	Serra fita 1,85	0	15.3
        Bartmann	Serra fita 2,20	0	32.15
        Bartmann	serra fita 2,55m	0	36.7
        Bartmann	Serra fita 2,65	0	37.25
        Bartmann	Serra fita 2,75	0	40.15
        Bartmann	Serra fita 2,82 	0	43.6
        Bartmann	Serra fita 2,85	0	41.7
        Bartmann	Serra fita 3,20	0	44
        Bartmann	Arco de serra 40mm manual	0	68
        Bartmann	Arco de serra 50mm manual	0	70
        Bartmann	Engrenagem moedor d carne	0	20.5
        Bartmann	Engrenagem cilindro pastel quadrada	0	47
        Bartmann	Engrenagem lisa  cilindro	0	35
        Bartmann	Emgrenagem cilindro com cavidade	0	35
        Bartmann	placa polietileno 40x30	0	15
        Bartmann	Pino Caracol 	0	11
        Bartmann	Pino Caracol Grande	0	12
        Bartmann	Pino de Caracol Boca 10	0	17
        Bartmann	soquete b 22	0	31
        Bartmann	pedra 108 dupla face Pequena	0	32
        Bartmann	pedra 328 dupla face Grande	0	70
        Bartmann	suporte para pedra108/118 polietileno	0	22
        Bartmann	suporte para pedra aluminio 	0	38
        Bartmann	cj bocal 22 caf	0	320
        Bartmann	cj bocal 22  caf hd universal	0	320
        Bartmann	engrenagem ferro/cubo becaro	0	65
        Bartmann	engrenagem ferro/cubo  caf	0	65
        Bartmann	engrenagem completa  b. 22 caf	0	75
        Bartmann	engrenagem completa  b. 22 becaro	0	75
        Bartmann	engrenagem celeron b 22 becaro	0	38
        Bartmann	Gancho para carne	0	6.8
        Bartmann	volante pic.eletrico boca 22	0	57.2
        Bartmann	gancho s1	0	22
        Bartmann	gancho  s2	0	30
        Bartmann	gancho s3	0	33
        Bartmann	balança bat Elco 15 kg 	0	534
        Bartmann	balança dig Elco 15 kg 	0	490
        Bartmann	balança ELCO 30 kg 	0	525
        Bartmann	balança Bat - ELCO 30 kg 	0	566
        Bartmann	balança 300k  carbono bateria	0	1.005
        Bartmann	balança 300k  Inox  c/Bat	0	1.048
        Bartmann	fonte p/ balança	0	77
        Bartmann	balança digital 10k	0	28
        Bartmann	balança precisăo	0	45
        Bartmann	balança c/  gancho	0	28
        Bartmann	Cortador de frios automatico	0	5.766
        Bartmann	Cortador frios lam 19	0	1.411
        Bartmann	Cortador frios lam 25	0	3.065
        Bartmann	Cortador frios lam 30	0	4.030
        Bartmann	Processador alimentos 8 discos	0	3.410
        Bartmann	moedor carne b 22	0	2.830
        Bartmann	Masseira Basculante 5k	0	3.170
        Bartmann	Masseira Basculante 25k	0	3.842
        Bartmann	batedor de milk shake	0	499
        Bartmann	batedor de milk shake Parede	0	427
        Bartmann	Correia cortador de frios	0	88
        Bartmann	manipulo do carrinho do c. frios	0	32
        Bartmann	interface seg pulso sem rearme cod 9177	0	78
        Bartmann	interface seg pulso sem rearme cod  11450	1	98
        Bartmann	chave liga/ desl	1	16
        Bartmann	Correia cortador de frios	0	0
			
Bebedouro Frisbel	Bebedouro 25 litros	1	1.390
Bebedouro Frisbel	Bebedouro 50 litros  	0	1.817
Bebedouro Frisbel	Bebedouro 100 litros	0	2.015
Bebedouro Frisbel	Bebedouro 200 litros  Frisbel	0	2.583
Bebedouro Frisbel	filtro	0	20
Bebedouro Frisbel	kit filtro CANOVAS	0	150
			
Baleiro	baleiro 08	1	112
Baleiro	baleiro 09	0	126
Baleiro	baleiro 10	0	140
Baleiro	baleiro 12	0	168
Baleiro	baleiro 15	0	210
Baleiro	baleiro 20	0	280
			
BECARO	Picador de carne b 08	0	1417.5
BECARO	Processador de alimentos	0	2.890
			
Braesi	Masseira lenta 5k	0	1.982
Braesi	Massseira rápida 15k	0	4.048
Braesi	mesa inox  1,90x80 base aberta	0	740
Braesi	mesa inox  1,60X60 base aberta	0	517
			
Botini	Ralador de milho	0	663
Botini	moedor de café	0	697
Botini	cilindro inox	0	881
			
Blue Light	porta copo	0	6.5
			
CAF	amaciador de bifes	0	1.766
			
BANQUETAS	banqueta alta c/ encosto	0	80
BANQUETAS	banqueta madeira m	0	45
BANQUETAS	banqueta madeira G	0	50
BANQUETAS	pilao madeira	0	8
BANQUETAS	Banqueta grande Gilberto	0	180
			
CRISTALAÇO	fogăo 2 b BP 40x40 INOX	0	1.028
CRISTALAÇO	fogăo 4b  30x30 INOX	0	1.244
CRISTALAÇO	fogăo 6b DUPLAS 40X40 INOX	0	2.923
CRISTALAÇO	Qeimador AP G	0	90
CRISTALAÇO	fogăo 3 b 40x40 AP 	0	985
CRISTALAÇO	fogăo 4 b c forno	0	1.179
CRISTALAÇO	forno 60x80	0	941
CRISTALAÇO	forno 95x95	0	1.263
			
CHURRASQUEIRA	Chrrasqueira  mini parrilla 	0	89
CHURRASQUEIRA	churrasqueira dobravel mesa inox	0	52
CHURRASQUEIRA	churrasqueira mesa inox  Miau	0	58
CHURRASQUEIRA	Mini Parrilha	0	89
CHURRASQUEIRA	Churrasqueira nobre gourmet c/ roda 	0	194
CHURRASQUEIRA	Churrasqueira nobre gourmet c/ roda c/TAMPA	0	336
CHURRASQUEIRA	Churrasqueira tubular 25x50	0	128
CHURRASQUEIRA	Churrasqueira tubular 30x60	0	174
CHURRASQUEIRA	Churrasqueira nobre 30x50 pés inox 	0	150
CHURRASQUEIRA	Churrasqueira tambor 35x55	0	163
CHURRASQUEIRA	Churrasqueira tambor 40x65	0	226
CHURRASQUEIRA	Churrasqueira espetinho 60cm	0	280
CHURRASQUEIRA	Churrasqueira espetinho 90cm	0	330
CHURRASQUEIRA	Churrasqueira espetinho 1m c/ coifa	1	620
CHURRASQUEIRA	mini grill mesa 40x25	0	85
CHURRASQUEIRA	mini grill 50x25	0	160
CHURRASQUEIRA	churrasqueira camp 50x28	1	185
CHURRASQUEIRA	churrasqueira camp 60x28	1	195
CHURRASQUEIRA	churrasqueira fest 50x35	0	190
CHURRASQUEIRA	churrasqueira fest 60x35	1	216
CHURRASQUEIRA	Churrasqueira master 60 s/ roda	0	313
CHURRASQUEIRA	churrasqueira master 80 c/ roda	2	377
CHURRASQUEIRA	churrasqueira master 80 sem/ roda	0	363
CHURRASQUEIRA	Churrasqueira espetinho House gril	0	359
CHURRASQUEIRA	churrasqueira Bafo mini	0	205
CHURRASQUEIRA	Churrasqueira Bafo P	0	280
CHURRASQUEIRA	Churrasqueira Bafo M	0	320
CHURRASQUEIRA	Churrasqueira Bafo G	2	350
CHURRASQUEIRA	Churrasqueira Bafo EXG	0	462
CHURRASQUEIRA	Churrasqueira EXGG	0	561
CHURRASQUEIRA	gaveta bafo m	0	62
CHURRASQUEIRA	gaveta bafo g	0	67
CHURRASQUEIRA	bafinho inox mesa	0	115
CHURRASQUEIRA	churrasqueira de botijăo	0	85
CHURRASQUEIRA	churrasqueira Ferro fundido redonda	0	292
CHURRASQUEIRA	churrasqueira Ferro fundido media	0	310
CHURRASQUEIRA	churrasqueira Ferro fundido grande 	0	413
CHURRASQUEIRA	 Kit a Gás p/m	0	37
CHURRASQUEIRA	kit a gás g	0	52
CHURRASQUEIRA	Kit a Gás EXGG	0	58
CHURRASQUEIRA	carrinho churrasco c/ coifa 1,20	0	775
CHURRASQUEIRA	carrinho churrasco c/ coifa  1,00	0	620
CHURRASQUEIRA	Pá pizza cabo deslizante	0	84
CHURRASQUEIRA	Pá pizza  madeira 40	0	62
CHURRASQUEIRA	pa pizza madeira 35	0	55
CHURRASQUEIRA	pa pizza madeira 45	0	78
CHURRASQUEIRA	pa pizza inox 40	0	65
CHURRASQUEIRA	grelha p/ carrinho espetinho	0	65
CHURRASQUEIRA	grelha 55x30  Sandra	0	55
CHURRASQUEIRA	grelha 45x30  Sandra	0	48
CHURRASQUEIRA	grelha 44x25  Sandra	0	45
CHURRASQUEIRA	grelha 59x40  Sandra	0	59
CHURRASQUEIRA	grelha 54x30  Sandra	0	55
CHURRASQUEIRA	grelha 76x25 espetinho com cabo Sandra	0	79
CHURRASQUEIRA	grelha 45x30	0	59
CHURRASQUEIRA	grelha 50x30	0	62
CHURRASQUEIRA	grelha 55x30	0	65
CHURRASQUEIRA	grelha 60x30	0	68
CHURRASQUEIRA	Grelha aramada 40x45	0	22.4
CHURRASQUEIRA	Grelha aramada 55X45	0	28
CHURRASQUEIRA	grelha 48x40	0	67
CHURRASQUEIRA	grelha 58x40	0	79
CHURRASQUEIRA	grelha  45x38 cabo de madeira	0	68
CHURRASQUEIRA	grelha  48x45	0	77
CHURRASQUEIRA	grelha 50x45	0	72
CHURRASQUEIRA	grelha 52x45	0	76
CHURRASQUEIRA	grelha 55x45	0	76
CHURRASQUEIRA	grelha 60x45	0	80
CHURRASQUEIRA	grelha 62x45	0	84
CHURRASQUEIRA	grelha 65x45	0	62
CHURRASQUEIRA	grelha 54x44 c aluminio itajobi	0	85
CHURRASQUEIRA	Grelha  20x50	0	28
CHURRASQUEIRA	grelha  30x50 	0	32
CHURRASQUEIRA	grelha 35x50	0	37
CHURRASQUEIRA	grelha 40x50 	0	65
CHURRASQUEIRA	Grelha 45x50 	0	62
CHURRASQUEIRA	Grelha 48x50 	0	73
CHURRASQUEIRA	Grelha 50x50 	0	73
CHURRASQUEIRA	Grelha 52x50	0	77
CHURRASQUEIRA	grelha 55x50 	0	77
CHURRASQUEIRA	grelha 58x50	0	81
CHURRASQUEIRA	Grelha 60x50	0	81
CHURRASQUEIRA	grelha 62x50 c alum	0	85
CHURRASQUEIRA	grelha 65x50	0	85
CHURRASQUEIRA	grelha 65x60	0	67
CHURRASQUEIRA	grelha 70x50	0	89
CHURRASQUEIRA	grelha 72x50	0	75
CHURRASQUEIRA	grelha 75x50	0	78.8
CHURRASQUEIRA	Grelha 50x50 c/ cabo de aluminio 	0	58
CHURRASQUEIRA	Grelha 55x50 c/ cabo de aluminio	0	51.2
CHURRASQUEIRA	Grelha 60x50 c/ cabo de aluminio                  	0	53.35
CHURRASQUEIRA	Grelha 65x50 c/ cabo de aluminio 	0	55.6
CHURRASQUEIRA	Grelha 85x45 c/ cabo de aluminio	0	88
CHURRASQUEIRA	Grelha 40x60 super	0	79.8
CHURRASQUEIRA	Grelha 60x60 super	0	98.7
CHURRASQUEIRA	Grelha argentina 40x50	0	128
CHURRASQUEIRA	Grelha argentina 50x50	0	148
CHURRASQUEIRA	espeto lamina 45	0	9
CHURRASQUEIRA	espeto lamina 60	0	10
CHURRASQUEIRA	espeto duplo 45	0	19
CHURRASQUEIRA	espeto duplo 60	0	22
CHURRASQUEIRA	espeto para Costela de Chao	0	120
CHURRASQUEIRA	Escorredor 38x28	0	83
CHURRASQUEIRA	escorredor 38x38	0	99
CHURRASQUEIRA	escorredor 38x48	0	113
CHURRASQUEIRA	escorredor 38x58	0	138
CHURRASQUEIRA	escorredor 38x68	0	151
CHURRASQUEIRA	escorredor 38x78	0	169
CHURRASQUEIRA	suporte grelhas e espetos 40 a 70 cm	0	24
CHURRASQUEIRA	suporte grelhas e espetos 50 a 90 cm	0	28
CHURRASQUEIRA	suporte p/ churrasqueira	0	25
CHURRASQUEIRA	grelha peixe n.1	0	12
CHURRASQUEIRA	grelha peixe n. 2	0	14
CHURRASQUEIRA	grelha peixe n. 3	0	16
CHURRASQUEIRA	grelha peixe G	0	20
			
 Churrasqueira metalrio estilofer	Churrasqueira espetinho giratoria 16 espetos	0	295
 Churrasqueira metalrio estilofer	Churrasqueira espetinho giratoria 32 espetos	0	488
 Churrasqueira metalrio estilofer	Churrasqueira espetinho carvăo	0	218
 Churrasqueira metalrio estilofer	Churrasqueira para barco	0	150
 Churrasqueira metalrio estilofer	Churrasqueira gas tipo char broiler	0	121
 Churrasqueira metalrio estilofer	espeto giratorio	0	86
 Churrasqueira metalrio estilofer	espeto giratorio p/ espetinho carrosel	0	130
 Churrasqueira metalrio estilofer	kit motor +carrossel+tridente	0	0
 Churrasqueira metalrio estilofer	Fogăo 2 bocas com chapa	1	127
 Churrasqueira metalrio estilofer	pé para fogăo c/ chapa	0	90
 Churrasqueira metalrio estilofer	Fogăo inox 1b	0	70
 Churrasqueira metalrio estilofer	Fogăo inox 2b	0	90
 Churrasqueira metalrio estilofer	Disco com borda grande 54 cm	0	130.8
 Churrasqueira metalrio estilofer	Disco com borda grande 45 cm	0	105.12
 Churrasqueira metalrio estilofer	fogareiro tripe p/ arado	0	110.56
 Churrasqueira metalrio estilofer	registro 2P 5/16	0	9
 Churrasqueira metalrio estilofer	borboleta c/ registro 5/16	0	10.35
 Churrasqueira metalrio estilofer	fogăo 1 b inox grande	0	90.6
 Churrasqueira metalrio estilofer	fogăo 2 b inox  meia chapa	0	100.2
 Churrasqueira metalrio estilofer	fogăo 2 b inox  g	0	96.6
 Churrasqueira metalrio estilofer	queimador longo 4 chamas	0	10.6
 Churrasqueira metalrio estilofer	queimador 5 caulins c/ bico + mangueira	0	51
 Churrasqueira metalrio estilofer	queimador 10 caulins c/ bico + mangueira	1	62
 Churrasqueira metalrio estilofer	queimador 5 caulins c/ aumento	0	23
 Churrasqueira metalrio estilofer	queimador 10 caulins c/ aumento	0	31
 Churrasqueira metalrio estilofer	grelha peixe M	0	34
 Churrasqueira metalrio estilofer	grelha peixe G	0	45
 Churrasqueira metalrio estilofer	grelha peixe super	0	70
 Churrasqueira metalrio estilofer	lança chamas 45 cm	0	32
 Churrasqueira metalrio estilofer	lança chamas 55 cm	0	33
 Churrasqueira metalrio estilofer	lança chamas 65 cm	0	35
 Churrasqueira metalrio estilofer	lança chamas 75 cm	0	37
 Churrasqueira metalrio estilofer	lança chamas 1m	0	39
 Churrasqueira metalrio estilofer	Fogăo 2 b com pe AP	0	264
 Churrasqueira metalrio estilofer	mangueira ap c/ registro	2	36
 Churrasqueira metalrio estilofer	regsitro FXF 	0	8
 Churrasqueira metalrio estilofer	Borboleta com registro 	0	13
 Churrasqueira metalrio estilofer	espigăo macho 5/16	0	3
 Churrasqueira metalrio estilofer	kit limpeza	0	120
 Churrasqueira metalrio estilofer	pá pizza  45	0	80
 Churrasqueira metalrio estilofer	pá pizza  75	0	84
 Churrasqueira metalrio estilofer	par de suporte 3 varoes 75m	0	52
 Churrasqueira metalrio estilofer	par de suporte 3 varoes 1m	0	58
 Churrasqueira metalrio estilofer	churrasqueira ESPETINHO 1M	0	620
 Churrasqueira metalrio estilofer	churrasqueira varanda moeda	0	140
 Churrasqueira metalrio estilofer	churrasqueira varanda argentina	0	170
 Churrasqueira metalrio estilofer	grill manual 5 espetos com grelha argentina	0	480
 Churrasqueira metalrio estilofer	mini parrilha	0	180
 Churrasqueira metalrio estilofer	grill eletrico 3 espetos	0	520
 Churrasqueira metalrio estilofer	grill eletrico 4 espetos	0	540
 Churrasqueira metalrio estilofer	grill eletrico 5 espetos	0	560
 Churrasqueira metalrio estilofer	 churrasqueira bafo preta M	0	480
 Churrasqueira metalrio estilofer	churrasqueira bafo preta G	0	680
 Churrasqueira metalrio estilofer	espeto duplo 50 cm	0	30
 Churrasqueira metalrio estilofer	espeto duplo 60 cm	0	35
 Churrasqueira metalrio estilofer	brasero blindado 	0	561
 Churrasqueira metalrio estilofer	coifa preta 80x60x50	0	621
 Churrasqueira metalrio estilofer	duto 1,20m 	0	88
 Churrasqueira metalrio estilofer	chapeu chines	0	53
 Churrasqueira metalrio estilofer	grelhas diversos tamanhos	1	30
 Churrasqueira metalrio estilofer	grelha 40x30	0	61
 Churrasqueira metalrio estilofer	grelha 45x30	0	65
 Churrasqueira metalrio estilofer	grelha 40x40	0	0
 Churrasqueira metalrio estilofer	grelha 48x40	0	0
 Churrasqueira metalrio estilofer	grelha 52x40	0	63
 Churrasqueira metalrio estilofer	grelha 53x40	0	69
 Churrasqueira metalrio estilofer	grelha 55x40	0	71
 Churrasqueira metalrio estilofer	grelha 56x40	0	73
 Churrasqueira metalrio estilofer	grelha 60x40	1	77
 Churrasqueira metalrio estilofer	grelha 69x40	0	79
 Churrasqueira metalrio estilofer	grelha 58x50	0	83
 Churrasqueira metalrio estilofer	grelha 60x50	0	94
 Churrasqueira metalrio estilofer	grelha 62x50	0	94
 Churrasqueira metalrio estilofer	grelha 65x50	0	96
 Churrasqueira metalrio estilofer	grelha 70x50	0	101
 Churrasqueira metalrio estilofer	grelha 72x50	0	106
 Churrasqueira metalrio estilofer	grelha 72x60	0	106
 Churrasqueira metalrio estilofer	grelha 75x50	0	115
 Churrasqueira metalrio estilofer	grelha  46,5x45	0	83
 Churrasqueira metalrio estilofer	grelha 49x45	0	87
 Churrasqueira metalrio estilofer	grelha 65x40	0	80
 Churrasqueira metalrio estilofer	grelha 57,5x40	0	75
 Churrasqueira metalrio estilofer	46x40	0	60
			
 COLOMBO	picador legumes p	1	67
 COLOMBO	picador legumes m	0	108
 COLOMBO	picador legumes G	0	145
 COLOMBO	tripe p/ picador G	0	45
 COLOMBO	extrator de suco power	2	195
 COLOMBO	extrator de suco m	0	203
 COLOMBO	extrator de suco G	0	278
 COLOMBO	extrator de suco Indl.	0	347
 COLOMBO	extrator de suco 1/2cv	0	0
 COLOMBO	exaustor 30	2	261
 COLOMBO	exaustor 40	1	284
 COLOMBO	exaustor 50	1	330
 COLOMBO	Canhăo ensacador 2k	0	438
 COLOMBO	modelador de hamburguer	0	76
 COLOMBO	Chapa c/ prensa 65 X 30	0	215
 COLOMBO	liquidificador 19 l	0	895
 COLOMBO	copo liquidificador 1.8L 	0	95
 COLOMBO	liquidificador 1.8L A.rotaçăo	0	320
 COLOMBO	liquidificador 2 litros A. rotaçăo	0	350
 COLOMBO	liquidificador 2 litros  Bx. rotaçăo	0	440
 COLOMBO	liquidificador 3,5 l bx rot.	0	485
 COLOMBO	liquidificador 3,5 alta rot	0	540
 COLOMBO	liquidificador 8l	0	435
 COLOMBO	liquidificador 6l bx rotaçăo 	0	592
 COLOMBO	liquidificador 25l bx rotaçăo 	0	1.356
 COLOMBO	liquidificador 19l bx rotaçăo 	0	1.229
 COLOMBO	CUTTER 6 litros	0	1.290
 COLOMBO	fechador de marmitex	0	119
 COLOMBO	carambola	0	5
 COLOMBO	macho  M/G	0	8
 COLOMBO	faca M/G	0	28
 COLOMBO	faca 8mm M/G	0	29
 COLOMBO	faca P	0	10
 COLOMBO	macho P	0	8
 COLOMBO	macho 8mm M/G	0	12
 COLOMBO	mola picador p	0	3.5
 COLOMBO	mola picador M/G	0	4
 COLOMBO	faca 12mm	0	39
 COLOMBO	macho  12mm	0	29
 COLOMBO	helice liq,BR 2/4l	0	19.5
 COLOMBO	bolacha do arraste 	0	21
 COLOMBO	mancal liq.BR 2/4l	0	59
 COLOMBO	mancal liq.AR 2/4l e 1,8l	0	59
 COLOMBO	arraste liq. Alta rotaçăo 2l 1,80l	0	38
 COLOMBO	arraste liq. Alta rotaçăo 4l	0	38
 COLOMBO	copo completo AR 2 l base quadrada	0	148
 COLOMBO	copo completo BR 2 l base quadrada	0	170
 COLOMBO	Fritador agua e oleo  2 cubas	1	2.170
 COLOMBO	Fritador agua e oleo  	1	1.347
 COLOMBO	Fritador power 7 l   5000w	0	887
 COLOMBO	Fritador agua e oleo de mesa	0	1.043
 COLOMBO	Fritador 15 litros zona fria 8000w	0	1.560
			
Colombo Fogőes	Fogăo 1b dupla mesa 30x30	0	246
Colombo Fogőes	Fogăo 1b dupla c/ pé 30x30	0	343
Colombo Fogőes	fogăo 2b 30x30 bx pressăo 1d 1s	0	453
Colombo Fogőes	fogăo 2b 30x30 bx pressăo dupla	0	497
Colombo Fogőes	forno P 59l	0	417
Colombo Fogőes	fogăo 3b 30x30 1s 2d	0	570
Colombo Fogőes	fogăo 3b 30x30 AP	0	474
Colombo Fogőes	fogăo 4b 30x30  AP 	0	581
Colombo Fogőes	fogăo 4b 30x30 2d 2s	0	854
Colombo Fogőes	forno g 90l	0	529
Colombo Fogőes	fogăo 6 b 30x30 2 s 3 d	0	1.074
Colombo Fogőes	fogăo 1b dupla 40x40	0	364
Colombo Fogőes	Forno de pizza 800x620 	0	1.200
			
Cefaz	carrinho hot dog	0	1.205
Cefaz	carrinho 3x1	0	1.295
Cefaz	cubas hot dog	0	10
Cefaz	caixa termica 68 litros	0	345
Cefaz	caixa termica 60 litros	0	320
Cefaz	Fogăo 6 b 30x30 simples e dupla	0	1.090
Cefaz	Fogăo 4 b 30x30 simples e  dupla	1	779
Cefaz	Forno G 100 litros	1	549
Cefaz	Fogăo 2b 30x30 Alta Pressao	0	389
Cefaz	Fogăo 2b 30x30 Bx Pressao	0	456
Cefaz	Fogăo 2b 30x30 Bx Pressao dupla	1	520
Cefaz	forno P 60 litros	0	429
Cefaz	Fogăo 3 b duplas	0	704
Cefaz	Fogăo 6 b duplas 40x40	0	1.903
Cefaz	forno EG 120 litros	0	693
Cefaz	Barraca 2x1,5	0	952
			
Conservex	cervejeira 600 l	0	4.654
Conservex	cervejeira 400 l porta vidro	0	3.649
Conservex	cervejeira 600 l porta vidro	0	4.960
Conservex	cervejeira 250 l porta vidro	0	3.745
Conservex	visa 1p branca 01 vermelha	0	2.990
Conservex	visa 1p preta	0	3.477
Conservex	visa 2p 850 litros	0	5.360
Conservex	freezer 600 litros dupla açăo	0	4.150
Conservex	auto serviço 2 portas	0	5.850
Conservex	auto serviço 3 portas bebidas	0	7.335
Conservex	Geladeira inox 6 portas	0	6.144
Conservex	Geladeira inox 4 portas	0	4.717
Conservex	vitrine alta carne	0	8.655
Conservex	ilha para congelados	0	4.443
Conservex	balcăo refrigerado 1,65 2 pistas	0	3.900
Conservex	balcăo caixa 	0	1.419
Conservex	vitrine refrigerada confeitaria 1,10m	0	3.900
Conservex	vitrine seca 1,65m 	1	2.014
Conservex	vitrine seca 1,10m	0	1.558
			
CONSERCAF	Esterelizador 2 b	0	379
CONSERCAF	Esterelizador 3 b	0	410
CONSERCAF	Cafeteira 1 litro	0	530
CONSERCAF	Cafeteira 4 litro	0	676
CONSERCAF	Cafeteira 1 litro	0	701
CONSERCAF	coador 2l	0	9.5
CONSERCAF	coador 4l	1	12
CONSERCAF	coador 6l	0	14
			
Di solle	espatula cabo 62cm	0	19.5
			
DIVERSOS	cafeteira italiana 3 xicaras	0	14
DIVERSOS	cafeteira italiana 9 xicaras	0	16
DIVERSOS	Avental 	0	10
DIVERSOS	coador funil inox 10x9	0	8
DIVERSOS	coador funil inox 15x13	0	20
DIVERSOS	Coador funil inox 16x16	0	22
DIVERSOS	Coador funil inox 17x17	0	25
DIVERSOS	Coador funil inox 20x18	0	28
DIVERSOS	molheira 12	0	5.9
DIVERSOS	molheira 18	1	15
DIVERSOS	doceira para churros	0	125.9
DIVERSOS	pergaminho p 16	0	13.2
DIVERSOS	pergaminho M 18	0	17.2
DIVERSOS	pergaminho G 22	0	20.1
DIVERSOS	cuscuzeira P	0	18
DIVERSOS	cuscuzeira G	0	21
DIVERSOS	espumadeira argola 20	0	17
DIVERSOS	espumadeira argola 24	0	20
DIVERSOS	espumadeira argola 26	0	22
DIVERSOS	espumadeira argola 28	0	24
DIVERSOS	espumadeira fritura 14	0	9
DIVERSOS	espumadeira fritura 16	2	11
DIVERSOS	espumadeira fritura 18	0	13
DIVERSOS	espumadeira fritura 20	0	15
DIVERSOS	espumadeira fritura 22	0	17
DIVERSOS	espumadeira fritura 24	0	20
DIVERSOS	espumadeira fritura 26	0	22
DIVERSOS	cesto para  fritura 30	0	38
DIVERSOS	cesto para  fritura 35	1	47
DIVERSOS	cesto para tacho 14	0	32
DIVERSOS	cesto para tacho 16	0	48
DIVERSOS	cesto para tacho 18	0	54
DIVERSOS	cesto para tacho 20	0	61
DIVERSOS	cesto para tacho  22	0	65
DIVERSOS	cesto retangular arame  24x11	0	36
DIVERSOS	cesto retangular arame  24x17	0	38
DIVERSOS	cesto retangular arame  26x13	0	40
DIVERSOS	cesto retangular tela  24x11	0	31
DIVERSOS	cesto retangular tela24x17	0	33
DIVERSOS	cesto retangular tela 26x13	0	35
DIVERSOS	cesto duplo telado 23x23	0	55
DIVERSOS	garfo 3 pontas 40 cm	0	14
DIVERSOS	garfo 3 pontas 50 cm	0	15
DIVERSOS	garfo 3 pontas 60 cm	0	17
DIVERSOS	garfo 3 pontas 70 cm	0	19
DIVERSOS	Virador de pastel	0	12
DIVERSOS	escorredor de fritura 35	0	23
DIVERSOS	escorredor de fritura 46	0	29
DIVERSOS	grelha assa peixe G	0	28
DIVERSOS	pegador cabo longo	0	12
DIVERSOS	pegador cabo longo liso	0	12
DIVERSOS	pegador p liso	0	12
DIVERSOS	pegador p estriado	0	12
DIVERSOS	cortador de pizza	0	9
DIVERSOS	espatula dobrada	5	16
DIVERSOS	espatula para lanche  reta  5 original	0	16
DIVERSOS	espatula para lanche  reta  5 sq	0	16
DIVERSOS	Espatula para lanche reta 4	0	15
DIVERSOS	Espatula para lanche dobrada 4	0	19
DIVERSOS	Espatula para lanche reta 12 MegaGift	0	14
DIVERSOS	pergaminho aluminio	0	12
DIVERSOS	funil aluminio	0	5
DIVERSOS	pedra de afiar simples	0	11
DIVERSOS	Colher Arroz Reforçada	0	12
DIVERSOS	Conchas inox 	0	12
DIVERSOS	Espumadeira inox 	0	12
DIVERSOS	garfo grande reforçado	0	12
DIVERSOS	Faca Açogue 12	0	49
DIVERSOS	Faca Açogue 10   	0	43
DIVERSOS	Faca Açogue 8	0	37
DIVERSOS	Faca desossa 	0	23
DIVERSOS	Faca cozinha 7	0	12
DIVERSOS	Faca cozinha 6	0	12
DIVERSOS	Abridor de garrafa	0	2.5
DIVERSOS	Barra magnética 50cm	0	20
DIVERSOS	Barra magnética 33cm	0	16
DIVERSOS	peneira inox 18	0	10
DIVERSOS	peneira inox 20	0	12
DIVERSOS	peneira inox 22	0	14
DIVERSOS	Bowl 22	1	22
DIVERSOS	Bowl 26	0	25
DIVERSOS	Bowl 28	1	28
DIVERSOS	Bowl 32	2	32
DIVERSOS	Massarico culinario 	0	35
DIVERSOS	gas p/ massarico	0	14
DIVERSOS	chaira 12¨	0	48
DIVERSOS	abafador hamburguer 14	0	10
DIVERSOS	abafador hamburguer 16	1	12
DIVERSOS	abafador hamburguer 18	0	11
DIVERSOS	modelador hamburger mini	0	10
DIVERSOS	modelador hamburger 10	0	24
DIVERSOS	modelador hamburger 12	1	27
DIVERSOS	modelador de hamburguer 14	0	34
DIVERSOS	"Faca cozinha  8"""	0	12.5
DIVERSOS	balde colorido	0	25
DIVERSOS	faca de mesa c/ 6	0	2.75
DIVERSOS	garfo mesa c/ 6 	12	2.75
DIVERSOS	Colher de sopa c/6	0	2.92
DIVERSOS	Colher de sobremesa c/6	0	2.19
DIVERSOS	garfo mesa	0	2.1
DIVERSOS	faca mesa sem  ponta	0	2.3
DIVERSOS	colher de sopa	0	2.1
DIVERSOS	garfo longo churrasco	0	24
DIVERSOS	faca longo churrasco	0	24
DIVERSOS	prato redondo fundo 	0	4.7
DIVERSOS	prato redondo raso 	0	4.7
DIVERSOS	cumbucas marrom	0	7.1
DIVERSOS	assadeira ret. N.02 marrom	0	17.1
DIVERSOS	assadeira ret. N.03 marrom	0	25.6
DIVERSOS	assadeira oval n 0 marrom	0	12.8
DIVERSOS	moedor de pimenta	0	14
DIVERSOS	ralo 4 faces	0	9
DIVERSOS	ralo inox	0	6
DIVERSOS	saleiro inox G	0	9
DIVERSOS	saleiro inox m	0	7
DIVERSOS	saleiro inox p	0	5
DIVERSOS	carretilha pastel	0	13
DIVERSOS	pingometro	0	
DIVERSOS	pingometro chale	0	50
DIVERSOS	pinometro comum	0	30
DIVERSOS	pingometro simples	0	55
DIVERSOS	pingometro duplo	0	55
			
DAK	cortador deitado	0	287
DAK	cortador de leg. P 8mm	0	104.5
DAK	cortador de leg. P 10mm	0	104.5
DAK	cortador de leg. M 8mm	0	205
DAK	cortador de leg. M 10mm	0	205
DAK	cortador de leg. M 12mm	0	165
DAK	cortador de leg. G 10mm	0	290
DAK	Pé p/ cortador G 	0	118
DAK	modelador hamburger	0	99
DAK	fechador de marmitex	0	133
DAK	espremedor de pure p	0	182
DAK	espremedor de pure M	0	352
DAK	espremedor de pure G	0	392
DAK	macho 8mm	0	38
DAK	macho 10mm	0	39
DAK	macho 12mm	0	40
DAK	navalha 6mm	0	80.1
DAK	navalha 8mm	1	55
DAK	navalha 10mm	1	58.5
DAK	macho 6mm	0	38
DAK	navalha 12mm	0	55
DAK	mola picador P	0	8
DAK	mola picador M e G    jogo 	2	20
			
Delta grill	lamina serra 1,80	0	24
Delta grill	maquina serra fita com moedor	0	1.533
Delta grill	maquina serra fita	0	1296.82
			
Dinox	Escorredor 20 pratos e copos	0	109
Dinox	Escorredor 40 pratos e copos	0	246
Dinox	Escorredor 60 pratos	0	329
Dinox	Escorredor 80 pratos	0	414
Dinox	Escorredor de copos	0	227
			
Edanca	chapa 40x40	0	426
Edanca	chapa 40 c/ prensa	0	508
Edanca	Chapa 60x40	0	567
Edanca	chapa 60 c/  prensa	0	430
Edanca	Chapa 80x40	0	667
Edanca	chapa 100x40	0	795
Edanca	chapa eletrica 90	0	879
Edanca	chapa 60x40 eletrica c/ prensa	0	982
Edanca	Prensa  P	0	75
Edanca	prensa g	0	180
Edanca	Estufa 3 bandeja	0	231
Edanca	Estufa 4 bandeja	0	270
Edanca	Estufa 5 bandeja	0	307
Edanca	Estufa 6 Bandeja 	0	355
Edanca	Estufa 8 bandeja dupla	0	360
Edanca	estufa 3 bandejas master	0	325
Edanca	estufa 4bandejas master	0	386
Edanca	estufa 5 bandejas master	0	440
Edanca	estufa 6b master	0	486
Edanca	estufa 6b dupla master	0	231
Edanca	estufa 8b dupla master	0	434
Edanca	estufa 10 b dupla master	0	541
Edanca	estufa reta 3 band	0	340
Edanca	estufa reta 4 band	0	418
Edanca	estufa reta 6 band dupla	0	396
Edanca	estufa reta 8 band dupla	0	490
Edanca	estufa reta 10 dupla 	0	607
Edanca	chapa 60 master	0	577
Edanca	chapa 1q c/ prensa 50	0	622
Edanca	chapa 2q c/ prensa 70	0	810
Edanca	chapa tradicional 90	0	860
Edanca	chapa tradicional 110	0	1.070
Edanca	buffet  Termico 6 b.	0	1.099
Edanca	buffet  termico 8 cubas	0	1.318
Edanca	buffettermico e frio duplo	0	1.663
Edanca	buffet 03 cubas mesa	0	479
Edanca	buffet 02 cubas mesa	0	649
Edanca	Fritadeira 1 c 220v 5l	0	449
Edanca	fritadeira 2 c 10l	0	841
			
Eirilar	assadeira baixa n. 5	0	32
Eirilar	assadeira baixa n. 6	0	48.5
Eirilar	assadeira baixa n. 7	0	58
Eirilar	assadeira baixa n. 8	0	63.1
Eirilar	assadeira alta n. 05	0	34
Eirilar	assadeira alta n. 06	0	64
Eirilar	assadeira alta n. 07	0	58
Eirilar	assadeira alta n. 08	0	79
Eirilar	forma pizza crocante 	0	19.5
Eirilar	pipoqueira luxo	0	48.28
Eirilar	Caçarola extra forte 40	0	138
Eirilar	Caçarola extra forte 45	0	162
Eirilar	Caçarola extra forte 50	0	195
Eirilar	Frigideira nobre tampa vidro n20	0	54
Eirilar	Frigideira teflon 22	0	66
Eirilar	Frigideira teflon 24	0	70
Eirilar	Frigideira teflon 26	0	80
Eirilar	Frigideira teflon 28	0	85
Eirilar	Frigideira teflon 30	0	85
Eirilar	Frigideira teflon 32	0	92.3
Eirilar	Frigideira teflon 34	0	101.7
Eirilar	Frigideira black white TEFLON c/ tampa n. 32	0	97
Eirilar	Frigideira black white TEFLON c/ tampa n. 34	0	114
Eirilar	Frigideira aluminio 36	0	89
Eirilar	Frigideira aluminio 38	0	94.35
Eirilar	Frigideira aluminio 40	0	110
Eirilar	Frigideira aluminio 45	0	123.5
Eirilar	Frigideira aluminio 50	0	144.1
Eirilar	Frigideira Wok 28 c/ cabo	0	114
Eirilar	Frigideira Wok 32 c/ alça	0	124
Eirilar	Frigideira Wok 36 c/ alça	0	138
Eirilar	pipoqueira	0	63
Eirilar	Panela pressăo 2 l	0	43
Eirilar	Panela pressăo 3l	0	49
Eirilar	panela pressăo 4,5 l	0	48
Eirilar	panela pressăo 7l	0	83
Eirilar	panela pressăo 10l	0	119
Eirilar	panela pressăo new line 5l	0	121
Eirilar	panela pressăo new line 7,5l	1	160
Eirilar	panela pressăo new line 10l	0	208
Eirilar	panela pressăo profissional13l	0	345
Eirilar	panela pressăo profissional 18l c/ alça	0	365
Eirilar	panela pressăo profissional 22l c/ alça	0	380
Eirilar	panela pressăo profissional 22l c/ cabo	1	395
Eirilar	panela pressăo profissional 25l	0	414
Eirilar	borracha pan.5,7,5,10	0	24
Eirilar	borracha pa.13,18,22	0	37
Eirilar	assadeira păo de forma 	0	6.95
Eirilar	peso panela pressao	0	6.95
Eirilar	Valvula de segurança	0	3.95
			
Estantes de aço	estante peq. 30x42x82  baixacinza	0	50
Estantes de aço	Estante peq. 30x67x98  baixacinza	0	80
Estantes de aço	estante  baixa 30x92x93 baixa	0	60
Estantes de aço	estante  30x67x1,50  branca 4 bandejas	0	80
Estantes de aço	estante rosa 25x77x176	0	192
Estantes de aço	estante 25x77x176cinza	0	165
Estantes de aço	estente 25x92x92 branca	0	97
Estantes de aço	estante 25x77x1,50 preto 5 bandejas	0	80
Estantes de aço	estante baixa 30x67x77 preto	0	80
Estantes de aço	estante 30x92x198 cinza	0	189
Estantes de aço	estante 30x92x198 preta	0	199
Estantes de aço	estante 30x92x176 preta	0	170
Estantes de aço	estante 30x82x198	0	165
Estantes de aço	estante 30x67x198	0	165
Estantes de aço	estante 30x67x125 4b cinza	0	120
Estantes de aço	estante 30x67x125 4b preto	0	110
Estantes de aço	estante 30x67x125 4b vermelho	0	110
Estantes de aço	estante 30x92x92 rosa	1	97
Estantes de aço	estante 40x92x198 cinza	0	225
Estantes de aço	estante 40x92x176 preto	0	169
Estantes de aço	estante 40x92x176 branca	1	169
Estantes de aço	estante 40x92x176 rosa	0	169
Estantes de aço	estante 40x92x100 vinho	0	110
Estantes de aço	estante 40x92x92 rosa	0	110
			
FC2	Batedeira 12 Litros - balde inox	0	2.780
FC3	Multiprocessador inox IN	0	2.660
FC4	Multiprocessador inox	0	2.460
FC5	Cilindro eletrico  30cm	0	2.000
FC6	Cilindro manual com base	0	158
FC7	Garapeira inox	0	2.115
FC9	Fogăo 6 b 30x30 com forno	0	2.457
			
FACILITY	Picador P	0	48
FACILITY	Picador M	0	75
			
Fire	tacho eletrico 50	0	1.157
Fire	tacho eletrico 60	0	1.409
Fire	tacho  50	0	190
Fire	tacho 60	0	240
Fire	cabeçote tacho 50 	0	290
Fire	cabeçote tacho 60	0	310
Fire	resistencia 50 c/ prato	0	240
			
Forminox	cuba 1/2 65	1	48
Forminox	cuba 1/2 100 grossa	0	65
Forminox	cuba 1/2  150	0	58
Forminox	cuba 1/3 100mm	0	58
Forminox	cuba 1/4  100mm	0	59
Forminox	cuba 1/4 65 c/ tampa	0	50
Forminox	tampa cuba 1/4	0	59
Forminox	tampa cuba 1/2 ibet	1	35
Forminox	cuba 1/1 100mm GROSSA	4	68
Forminox	cuba 1/1 150mm	4	88
Forminox	cuba 1/1  65	1	59
Forminox	tampa 1/1 GROSSA	0	63
Forminox	tampa 1/3	0	32
Forminox	cuba 1/6x15	0	51
Forminox	tampa 1/6	0	15
			
Fundi Ferro	chapa 45 1Q	0	446
Fundi Ferro	chapa 65 2Q	0	579
Fundi Ferro	chapa 85 3Q	0	670
			
Fricon	freezer hor. 503 t cega	0	3.330
Fricon	freezer hor. 411 t cega	0	2.900
Fricon	freezer hor. 311 t cega	0	2.500
Fricon	freezer ver. 569l 	0	4.290
			
Fritomaq	Pia inox 45x45x28	0	1.335
Fritomaq	Mesa 1,20x70 total inox	0	990
Fritomaq	Mesa 1,90x70 total inox	0	1.270
Fritomaq	Mesa 1,50x70 total inox	0	1.100
Fritomaq	fritador agua e oleo 	0	4.500
Fritomaq	chapa 50x40	0	870
Fritomaq	chapa 100x50	0	3.250
Fritomaq	chapa 1,30x60	0	4.400
Fritomaq	cavalete p/ chapa 1.30m	0	640
			
Gastromaq / G.Paniz	masseira 25k semi rapida	0	4.102
Gastromaq / G.Paniz	protetor retentor 	0	12
Gastromaq / G.Paniz	mancal rolamento direito	0	24
Gastromaq / G.Paniz	mancal rolamento esquerdo	0	24
Gastromaq / G.Paniz	Freezer vertical 577 litros	1	4.334
Gastromaq / G.Paniz	Freezer horizontal 532 litros	1	3.480
Gastromaq / G.Paniz	Freezer horizontal 395 litros p. vidro	0	3.010
Gastromaq / G.Paniz	Freezer horizontal 500 litros p. vidro	0	3.783
Gastromaq / G.Paniz	Freezer vertical p.vidro  446 litros	0	8.840
Gastromaq / G.Paniz	Cervejeira 223 litros p. vidro	0	3.897
Gastromaq / G.Paniz	Cervejeira 410  litros p. vidro	0	4.285
Gastromaq / G.Paniz	Cervejeira 578 litros p. vidro	0	5.381
Gastromaq / G.Paniz	Cervejeira 2 portas 950 litros	0	8.062
Gastromaq / G.Paniz	Geladeira 1 porta 410 litros	0	4.092
Gastromaq / G.Paniz	Geladeira Inox 4 portas	0	6.336
Gastromaq / G.Paniz	Geladeira Inox 6 portas	0	8.294
Gastromaq / G.Paniz	Geladeira 3 portas 	0	10.208
Gastromaq / G.Paniz	balcăo tendal açougue 3m	0	14.618
			
Globo	porta guardanapo TV inox	0	9.25
Globo	porta guardanapo inox deitado	0	9.2
Globo	porta guardanapo preto deitado	0	6.7
Globo	porta canudo inox	0	15.5
Globo	porta canudo preto	0	10.9
Globo	baleiro giratorio 5 potes	0	110
Globo	baleiro giratorio 10 potes	0	172
Globo	bandeja garçom inox 40 cm	0	30.25
			
Ibet	Carro salada 6 cubas 	0	1.236
Ibet	carro termico 6cubas	1	1.358
Ibet	CARRO TERMICO 8C	0	1.570
Ibet	Carro Termico 10 cubas	0	1.846
Ibet	Carro Termico Duplo 8quente e frio 	0	2.086
Ibet	rechaud 1 cuba	0	455
Ibet	rechaud 2cubas	0	576
Ibet	rechaud 3cubas	0	666
Ibet	rechaud 4 cubas quadrado 	0	926
Ibet	rechaud 4 cubas linha 	0	893
Ibet	rechaud 5 cubas linha	0	925
Ibet	rechaud 6 cubas 	0	1.062
Ibet	tampa do ralo	4	7
			
Itajobi Fogőes	forno 95x95  pintado	0	1.362
Itajobi Fogőes	forno 52x80	0	659
Itajobi Fogőes	forno 62x62	0	1.250
Itajobi Fogőes	forno 52x62	0	1.190
Itajobi Fogőes	forno 49x52	0	
Itajobi Fogőes	forno 80x62	0	1.092
Itajobi Fogőes	forno 80x62 Queimador ind compacto	0	1.298
Itajobi Fogőes	mesa inox 1,20x70	0	560
Itajobi Fogőes	mesa inox 1,50x70	0	660
Itajobi Fogőes	Grade p/ Forno Extra G	0	30
Itajobi Fogőes	Forno c/ cavalete extra super	0	1.050
Itajobi Fogőes	cavalete pizza grill	0	150
Itajobi Fogőes	Forno extra grande super BP tampa inox	0	404
Itajobi Fogőes	cavalete  pizza grill 1 pizza 	0	
Itajobi Fogőes	grade forno linha ativo	0	15
Itajobi Fogőes	grade 95x95	0	66
Itajobi Fogőes	grade 62x62	0	28
Itajobi Fogőes	grade 80x62	0	62
Itajobi Fogőes	grade forno  fogăo 4b	0	14
Itajobi Fogőes	grade forno m	0	30
Itajobi Fogőes	grade forno g	0	43
Itajobi Fogőes	grade forno  P	0	11
Itajobi Fogőes	grade forno E.M	0	30
Itajobi Fogőes	fogăo 3 b 30x30 AP	0	350
Itajobi Fogőes	fogăo 2 b 30x30 tradicional	0	494
Itajobi Fogőes	fogăo 2b 30x30 ATIVO	0	370
Itajobi Fogőes	forno p/ fogăo 2b e 3b ativo	0	475
Itajobi Fogőes	fogăo 3b Ativo 	0	634
Itajobi Fogőes	fogăo 4b tradicional 30x30	1	798
Itajobi Fogőes	fogăo 6b tradicional 30x30	0	1.130
Itajobi Fogőes	forno p/ 4b e 6bATIVO	0	563
Itajobi Fogőes	fogăo 4 b ap ativo	0	699
Itajobi Fogőes	fogăo 6 b ap ativo	0	982
Itajobi Fogőes	fogăo 8b ap ativo	0	1.315
Itajobi Fogőes	fogăo  1 b dupla 40x40	0	446
Itajobi Fogőes	fogăo  2 b dupla 40x40	1	754
Itajobi Fogőes	fogăo  4 b dupla 40x40	0	1.325
Itajobi Fogőes	fogăo  6 b dupla 40x40	0	1.903
Itajobi Fogőes	fogăo 6 b ATIVO	0	1.096
Itajobi Fogőes	fogăo 8 b TRADICIONAL	0	1.820
Itajobi Fogőes	forno c/ cavalete extra super grande inox	0	675
Itajobi Fogőes	forno p/ fogăo Extra G super 48x73	0	660
Itajobi Fogőes	Fogăo 6b 40x40 duplas	0	2.300
Itajobi Fogőes	chapa dobrada 45x50 gold	0	328
Itajobi Fogőes	chapa dobrada 65x50 gold	0	513
Itajobi Fogőes	chapa dobrada 85x50 gold	0	603
Itajobi Fogőes	chapa 85x47	1	603
Itajobi Fogőes	chapa  1,05x62	1	921
Itajobi Fogőes	chapa  1,31 x47	0	1.194
Itajobi Fogőes	Chapa eletrica 85x45	0	824
Itajobi Fogőes	Chapa eletrica 65x45	0	719
Itajobi Fogőes	prensa 50x35 gold	0	105
Itajobi Fogőes	prensa 50x45 gold	0	115
Itajobi Fogőes	prensa 30x36	0	95
Itajobi Fogőes	chapa 85x45	0	635
Itajobi Fogőes	chapa 65x45 	0	535
Itajobi Fogőes	chapa dobrada 77x40	0	300
Itajobi Fogőes	chapa sand. 85x60	0	524
Itajobi Fogőes	banho maria 2 cubas	0	589
Itajobi Fogőes	BANHO MARIA 3 cubas	0	820
Itajobi Fogőes	Cilindro 30 cm 1/2	0	1.747
Itajobi Fogőes	chapa 105x60 	0	998
Itajobi Fogőes	Chapa 130x45	0	1.082
Itajobi Fogőes	Char Broiler 85x50	0	890
Itajobi Fogőes	Char Broiler  105 conjugado	0	1.237
Itajobi Fogőes	Sanduicheira c/ prensa 70X30	0	284
Itajobi Fogőes	queimador AP FF 30x30	0	28
Itajobi Fogőes	queimador duplo G	0	78
Itajobi Fogőes	Grade 40x40	0	42
Itajobi Fogőes	kit giratorio 4 espetos	0	531
Itajobi Fogőes	kit giratorio 6 espetos inox	0	557
Itajobi Fogőes	kit giratorio 5 espetos inox	0	602
Itajobi Fogőes	churrasqueira vertical 10 espetos	0	192
Itajobi Fogőes	suporte p/ churrasqueira 4 espeto  e grelhas	0	239
Itajobi Fogőes	suporte p/ churrasqueira 5 espetos e grelhas	0	306
Itajobi Fogőes	grelha	0	35
Itajobi Fogőes	suporte p/ alvenaria 72cm	0	74
Itajobi Fogőes	suporte p/ alvenaria 82 cm	0	76
Itajobi Fogőes	levante grill 5 esp s/ motor - esp e pican.	0	608
Itajobi Fogőes	espeto grelha ita grill	0	62
Itajobi Fogőes	espeto duplo p/ kit	0	35
Itajobi Fogőes	espeto simples p/ Kit	0	27
			
Italinox	fritador 1 cuba pq 1.5L	0	309
Italinox	fritador 1 cuba 5l	0	361
Italinox	fritador 2 cuba gd	0	744
Italinox	fritador 1 cuba 7l	0	570
Italinox	fritador 2  cuba 7l	0	1.105
Italinox	fritador 1 cuba 14litros	0	712
Italinox	fritador 3 cubas 5 litros	0	1.319
Italinox	Pasteleiro conjugado Gabinete	0	1.090
Italinox	tacho eletrico 7l . Esmaltado	1	360
Italinox	tacho eletrico 7l inox	0	430
Italinox	tacho eltrico 14l 2 res. 	0	1.345
Italinox	tacho eletrico 3l c/ cert.	0	268
Italinox	fritador agua e oleo master 16 litros 5000w zona fria	0	1.212
Italinox	fritador agua e oleo classic 8000w	0	1.620
Italinox	fritador agua e oleo classic 16 l zona fria	0	985
Italinox	fritador agua e oleo classic mesa	0	779
Italinox	fritador agua e oleo 36 litros duplo	0	2.082
Italinox	fritador agua e oleo master 18 litros	0	1.620
Italinox	Conservador de alimentos 1cuba	0	430
Italinox	Conservador de alimentos 2cuba	0	550
Italinox	resistencia 110v/ frit. 1c 5 litros	0	77
Italinox	resistencia 220v/ frit. 1c 5 litros	0	77
Italinox	resistencia 220v/ frit. 1c  2 litros	0	77
Italinox	resistencia 110v/ frit. 1c  2 litros	0	77
Italinox	resistencia 110v/ tacho 3,5 litros	0	77
Italinox	resistencia 220v/ tacho 3,5 litros	0	77
Italinox	estrutura fritador 1 cuba 5 litros	0	77
Italinox	estrutura fritador 1 cuba 7 litros	0	88
Italinox	aro para tacho esmaltado	0	38
Italinox	tacho esmaltado 7 litros 	0	73
Italinox	cuba 1/2x 150	0	70
Italinox	cuba 1/2x 100	0	56
Italinox	resistencia 220v fritador 1cuba 7 litros	0	76
Italinox	resistencia agua/oleo italinox 5000kw	1	98
Italinox	resistencia tacho eletrico	0	55
Italinox	mesa de inox pizza	0	1327.47
Italinox	sobrefundo tacho	0	20
Italinox	cesto retangular p	0	18
Italinox	cesto redondo g	0	50.25
Italinox	cesto redondo p	0	29.16
Italinox	Cesto quadrado duplo 24x28 Ital	0	104.35
Italinox	cesto retangular  24x17	0	49.03
Italinox	cesto retangular  24x17 FUNDO	0	53.91
Italinox	cesto retangular  24x11	0	38.54
Italinox	Cabeçote fritador 5l 220v	0	281
Italinox	Cabeçote fritador 5l 110v	0	205
Italinox	cabeçote tacho 7l 3.500w	0	281
Italinox	cabeçote p/ fritador agua e oleo 5000w	0	302
Italinox	cabeçote agua e oleo 8000w	0	432
			
Divisăo Inox	Mesa inox 1,20x50	0	392
Divisăo Inox	Mesa inox com prateleira gradeada 80cm	0	655
Divisăo Inox	Mesa inox com prateleira gradeada 1m	0	710
Divisăo Inox	Mesa inox com prateleira gradeada 1.20m	0	729
Divisăo Inox	Mesa inox com prateleira gradeada 1.50m	0	780
Divisăo Inox	Mesa inox com prateleira gradeada 1.80m	1	798
Divisăo Inox	Mesa inox com prateleira  1.90x 70	0	979
Divisăo Inox	Mesa inox com prateleira  1.50x 65 fixa	0	935
Divisăo Inox	Mesa inox com prateleira  1.90x 70 Fixa	0	979
Divisăo Inox	Mesa inox 1,80x70  com cuba 	0	1.600
Divisăo Inox	Mini porta pallet 1,20m	0	1.100
Divisăo Inox	Mini porta pallet 1,80m	0	1.510
			
IMECA	armario 20 assadeiras	0	1.086
IMECA	Esteiras 	0	39
IMECA	Assadeira Flandes 58 x 70	0	50
IMECA	Assadeira 58 x 70  aluminio 	0	55
IMECA	Assadeira Aluminio 58 x 70 perfurada	0	83
IMECA	Assadeira flandes 58 x 70 armario	0	36
IMECA	pia inox 1,90x60	0	2.407
IMECA	Assadeira 60x40 baronesa	0	37
IMECA	Assadeira 60x40 perfurada (baronesa)	0	59
IMECA	Baronesa	0	
IMECA	mesa inox 1,50x70	0	748
IMECA	mesa inox 1,80x70	0	800
IMECA	mesa inox 1,90x70	0	837
IMECA	dispositivo aereo 1x40	0	232
			
IBBL	refil FR600 C+3	0	60.2
IBBL	Chupeta Venâncio	0	6.5
IBBL	chupeta croydon e universal , ibbl	0	5
IBBL	Anel selicone	0	18
IBBL	Torneira completa tecaplly	0	10.5
IBBL	Torneira completa IBBL	3	35
IBBL	bebedouro inox conj	0	716
IBBL	niple	0	14.4
IBBL	mangueira	0	2
			
INNAL	gaveteiro	1	238
INNAL	mesa t. inox 93x55	0	330
INNAL	mesa t. inox 117x55	0	395
INNAL	mesa t. inox 190x55 	0	593
			
ISAMAQ	auto trafo	0	45
ISAMAQ	Embaladora  filme 500	0	550
ISAMAQ	Embaladora  filme 400	0	375
ISAMAQ	Seladora pedal 300	0	305
ISAMAQ	Seladora pedal 400	0	363
ISAMAQ	Seladora pedal 40 c/ tem	0	372
ISAMAQ	Seladora  vacuo DZ	0	488
ISAMAQ	Seladora 20 cm de mesa	0	169
ISAMAQ	Seladora 30 cm de mesa 	0	209
ISAMAQ	Seladora 40 de mesa 	0	224
ISAMAQ	Refil 20 cm	0	18
ISAMAQ	Refil 30 cm	0	23
ISAMAQ	Refil 40 cm 	0	28
ISAMAQ	Borracha Preta	0	40
ISAMAQ	Fita de niquel cromo 2 mt 	0	18
			
Imbera	cervejeira p. cega  230 litros  hapy  ccv144	0	3.335
Imbera	cervejeira p. cega  455 litros  hapy ccv315	0	4.081
Imbera	cervejeira p. cega  522 litros  hapy ccv355	0	4.108
Imbera	cervejeira Windou 230 l ccv144	0	3.711
Imbera	cervejeira Windou 455 l ccv 315	0	4.494
Imbera	cervejeira p. vidro  460 litros	0	4.451
Imbera	geladeira 1 p  230 litros	0	2.948
Imbera	geladeira 1 p  460 litros	0	3.599
Imbera	Freezer Vertical p cega 560l EVZ21	0	3.669
			
Monarcha	chapa 3Q.1mx60	0	1.875
Monarcha	chapa 4Q 1,30x60	0	2.335
Monarcha	chapa master 1,45x70	0	2.676
Monarcha	chapa 1,10x45 3 queim	0	1.115
Monarcha	tacho eletrico 7l	0	590
Monarcha	maquina café 2litros	0	690
Monarcha	fritador 1cuba	0	404
Monarcha	fritador 2cuba	0	561
			
Espatulas Campanaro	Espatula c/madeira 10	0	25
Espatulas Campanaro	Espatula c/madeira 12	1	26.7
Espatulas Campanaro	Espatula c. madeira 14	0	30.21
Espatulas Campanaro	Espatula c.  Branco 10	0	22.7
Espatulas Campanaro	Espatula c/ branco 12	1	25
Espatulas Campanaro	Espatula c/ branco 14	4	28
Espatulas Campanaro	Espatula c. aluminio 12	0	33.52
Espatulas Campanaro	espatula dobrada cabo branco 12	0	31.05
Espatulas Campanaro	espatula torta	0	10
Espatulas Campanaro	espatula pizza	0	21
Espatulas Campanaro	faca legumes 4 c. branco	0	11.7
Espatulas Campanaro	carretilha pizza	0	9
Espatulas Campanaro	carretilha pastel	0	10.3
Espatulas Campanaro	cortador pizza 70mm	0	20
Espatulas Campanaro	cortador pizza 100mm	0	15.5
Espatulas Campanaro	pegador massa	0	3.5
Espatulas Campanaro	colher p/ suco	0	2.5
Espatulas Campanaro	ralador com imă	0	1.5
Espatulas Campanaro	modelador ovo	0	4
Espatulas Campanaro	modelador omelete	0	7
Espatulas Campanaro	colher arroz reforçada	0	8
Espatulas Campanaro	pincel silicone	0	3.5
Espatulas Campanaro	pedra afiar G 108	0	25
Espatulas Campanaro	pedra afiar fina comprida 118	0	35
			
Madesil	Mesa 70X70 dobravel c/ 4 cadeiras maplan	0	409
Madesil	mesa dobravel c/ 4 cad. PRETA	0	409
Madesil	cadeira dobravel	0	59
Madesil	mesa dobravel  c/  cad. 120x70	0	426
Madesil	Mesa dobravelc/ cad  1,20x70 PRETA	0	380
Madesil	MESA 70 di pastri imbuia	8	398
Madesil	MESA 70 di pastri preta	2	398
Madesil	MESA 1,20 CADEIRA di pastri	0	420
Madesil	cadeira avulsa di pastri	0	55
Madesil	mesa 70x70 dipastri	0	148
Madesil	jogo mesa fixa c/ 4 cadeiras	0	692
Madesil	mesa avulsa FIXA  1,20x 70	0	296
Madesil	jogo bistro fixo com banqueta girafa 	0	486
Madesil	Cadeira Mesa Fixa	0	
Madesil	Mesa Fixa	0	
Madesil	cadeira 	0	
Madesil	jogo mesa dobravel  1,20m	0	
Madesil	jogo redondo c/ 2 cad bistro maplan	0	293
Madesil	jogo redondo c/ 2 cad bistro maplan  PRETA	0	293
Madesil	Banqueta Girafa	0	145
Madesil	Banqueta vermelha	0	129
Madesil	mesa bistro	0	127
Madesil	cadeirao dobravel	0	99
Madesil	cadeira dobravel	1	59
Madesil	jogo de mesa sem pintura	0	208
Madesil	jogo de mesa c/ pintura pinus	0	286
			
Maestro	fogăo n02 de lenha	0	1.125
Maestro	fogăo n03 de lenha	0	1.312
			
Marchesoni	chapa 30x40	0	290
Marchesoni	chapa 60x40	0	503
Marchesoni	chapa 80x40	0	625
Marchesoni	chapa 100x40 4 queimadores	0	1.098
Marchesoni	chapa 120x50 5 queimadores	0	1.538
Marchesoni	chapa comercial 1Q	0	471
Marchesoni	chapa comercial 2Q	0	595
Marchesoni	chapa comercial 3Q	0	720
Marchesoni	chapa profissional 3Q	0	1.148
Marchesoni	chapa profissional 4Q	0	1.378
Marchesoni	chapa profissional 5Q	0	1.624
Marchesoni	chapa profissional 6Q	0	2.192
Marchesoni	blender liquidificador 	1	725
Marchesoni	esterelizador 2b	0	367
Marchesoni	esterelizador 3b	0	492
Marchesoni	estufa suprema delivery	0	550
Marchesoni	Fritadeira 18 l mesa	0	996
Marchesoni	Fritadeira 18 l gabinete	0	1.099
Marchesoni	Fritadeira 25l mesa	0	908
Marchesoni	Fritadeira 25l gabinete	0	1.029
Marchesoni	Fritadeira 25l gabinete 7.800	0	1.419
Marchesoni	fritadeira eletrica 1 cuba 4 litros	0	450
Marchesoni	Fritadeira gas 1 cuba	0	275
Marchesoni	Fritadeira gas 2 cuba	0	491
Marchesoni	Blender 2l	0	651
Marchesoni	Cafeteira 2l	0	574
Marchesoni	Cafeteira 4 l	0	653
Marchesoni	Cafeteira 6 l	0	668
Marchesoni	Cafeteira 10l	0	698
			
Malta	moedor de carne eletrico	0	630
Malta	moedor de carne manual	0	87
Malta	cilindro massa facil	0	95
Malta	cilindro vermelho c/ cortador	0	148
Malta	cilindro manual engr. Nylon 35 cm	0	83
Malta	cilindro manual engr.alum 28 cm	0	107
Malta	cilindro eletrico 28 cm Nylon	0	384
Malta	cilindro eletrico c/ cortador	0	415
Malta	churrasqueira eltrica 3 espetos	0	366
			
MP	Picador de legumes P 8mm vermelho	0	76
MP	Picador de legumes P 10mm escovado	0	76
MP	Picador de legumes P 10mm vermelho	0	76
MP	Picador de legumes M 8mm escovado	0	152
MP	Picador de legumes M 10mm escovado	0	152
MP	Picador de legumes M 8mm vermelho	0	152
MP	Picador de legumes M 12mm escovado	0	152
MP	Picador de legumes G 10mm escovado	0	212
MP	Picador de legumes G 10mm vermelho	0	212
MP	tripe para Picador G	0	58
MP	modelador de esfirra	0	219
MP	prensa smash inox	0	60
MP	espatula 12 cabo inox	0	35
MP	espatula 15 cabo inox	0	42
MP	condimentadora p/6 cubas	0	168
MP	condimentadora p/8 cubas	0	190
MP	porta comanda 60cm	0	75
MP	porta comanda 80cm	0	91
MP	porta comanda 100cm	0	100
MP	navalha 6mm	0	47
MP	navalha 8mm	0	40
MP	navalha 10mm	0	35
MP	navalha 12mm	0	45
MP	macho 8mm	0	29
MP	macho 12mm	0	35
MP	mola picador P	0	4.2
MP	mola picador M/P	0	50.2
			
MR fogőes	fogăo 1 b dupla 30x3o tradicional	0	287
MR fogőes	fogăo 1 b dupla 30x30 pé standart	0	234
MR fogőes	fogăo 1 b dupla 30x30 mesa	0	124
MR fogőes	Sanduicheira P	0	120
MR fogőes	sanduicheira 30x60	0	129
MR fogőes	fogăo 2b 1d 1S Standart p 05	0	338
MR fogőes	fogăo 2 b BP 1s1d 30x30 tradicional	2	415
MR fogőes	fogăo 2 b  2d 30x30	0	254
MR fogőes	fogăo 2 b 1s 1d  BP 30x30 INOx	1	515
MR fogőes	fogăo 2 b DUPLA  BP 30x30 INOx	0	551.3
MR fogőes	fogăo 3b 2D1S  30x30	0	638
MR fogőes	fogăo 3b 2D1S  30x3o INOX	0	707.94
MR fogőes	fogăo 4 b 2s2d 30x30	3	756
MR fogőes	fogăo 4 b 2s2d 30x30 INOX	0	948
MR fogőes	fogăo 5 b 1B 40x40 4 BD 30x30 	0	1.084
MR fogőes	fogăo 6b 30x30 3s3d	0	1.063
MR fogőes	fogăo 6b 30x30 3s3d INOX	0	1.315
MR fogőes	fogőa 3 b 2d 1d 30x30	0	578
MR fogőes	fogăo 1b AP FF 30x30 standart	0	234
MR fogőes	fogăo 1b AP FF 30x30 tradicional	0	268
MR fogőes	fogăo 2b AP FF 30x30 standart	0	299
MR fogőes	fogăo 2b AP FF 30x30	1	410
MR fogőes	fogăo 3b AP FF 30x30	1	498
MR fogőes	fogăo 4b  AP FF 30x30	0	548
MR fogőes	fogăo 1b AP FF 40x40	0	338
MR fogőes	fogăo 2 b AP FF 40x40	0	520
MR fogőes	fogăo 2 b AP FF 40x40 INOX	0	814
MR fogőes	fogăo 3 b AP FF 40x40	0	680
MR fogőes	fogăo 3b AP FF 40x40 inox	0	1.099
MR fogőes	Fogăo 2 b dupla 40x40	0	675
MR fogőes	Fogăo 2 b dupla 40x40 inox	0	900
MR fogőes	fogăo 3 b duplas 40x40	0	932
MR fogőes	fogăo 3 b duplas 40x40 INOX	0	1112.18
MR fogőes	Fogăo 4 bocas duplas 40X40 BX pressăo  inox	0	1.546
MR fogőes	Fogăo 4 bocas DUPLA 40x40	0	1.038
MR fogőes	Fogăo 6 b duplas 40x40	0	1.653
MR fogőes	Fogăo 6 b duplas 40x40 perfil 10	1	1.693
MR fogőes	Fogăo 6 b duplas 40x40  INOX	0	2.148
MR fogőes	fogăo 4 b 40x40 c/ chapa	0	855
MR fogőes	fogăo 6b 40x40 duplos	0	950
MR fogőes	fogăo 6b 30x30 3s3d	0	875
MR fogőes	forno P 30 x 30 porta vidro	1	416
MR fogőes	forno grande porta vidro 4,6 bocas 85l	0	504
MR fogőes	forno grande porta vidro 4,6 bocas 85l  INOX	0	671
MR fogőes	forno extra G 112l	0	651
MR fogőes	forno extra G 112l  INOX	0	850
MR fogőes	forno Medio P/ 40X40	0	459
MR fogőes	forno Grande extra p.vidro cavalete 112l	0	790
MR fogőes	forno Grande p. vidro 85 l c/cavalete	0	605
MR fogőes	forno pizza grill 45x45 c/ infra	0	681
MR fogőes	forno pizza grill 45x45 mesa	0	580
MR fogőes	forno pizza grill 45x45 cavalete	0	477
MR fogőes	forno refratario  45x60	0	827
MR fogőes	forno refratario  45x60 c/ infra	0	898
MR fogőes	forno refratario 80x60	0	1.051
MR fogőes	forno refratario 80x60 c/ infra	0	1.142
MR fogőes	forno refratario 60x80	0	902
MR fogőes	forno refratario 95x95 inox	0	1.516
MR fogőes	pasteleiro tacho 16	0	208
MR fogőes	pasteleiro tacho 18	0	225
MR fogőes	pasteleiro tacho 20	1	239
MR fogőes	pasteleiro tacho 24	0	298
MR fogőes	mangueira AP	0	21
MR fogőes	grade forno 60x80	0	30
MR fogőes	grade forno 45x60	0	20
MR fogőes	grade forno EG 40x40	0	30
MR fogőes	grade forno g 30x30	0	22
MR fogőes	grade forno p	0	15
MR fogőes	grade forno 80x60	0	34
MR fogőes	grade forno 45x60	0	20
MR fogőes	grade forno 95x95	0	67
MR fogőes	grelhas 30x30	0	30
MR fogőes	grelhas 40x40	0	63
MR fogőes	queimador duplo FF	0	50
MR fogőes	queimador duplo FF longo	0	75
MR fogőes	Termometro p. forno		62
		0	
Moveraço	banquetas preta 	0	60
Moveraço	banquetas cromada 	0	106
Moveraço	assento banqueta especial	0	14
Moveraço	assento banqueta	0	11
Moveraço	banqueta especial preta	0	90
Moveraço	banqueta especial prata	4	90
Moveraço	fruteira de granito	0	127
			
Picelli	Modelador de hamburguer HP 112	0	640
Picelli	Modelador de hamburguer HP 128	0	515
			
CADEIRAS P/ VARANDA	Cadeira luxo 2 fios	0	93
CADEIRAS P/ VARANDA	Cadeira Naja em junco	0	139
			
Patrinox	estufa 2b pq mini	0	179
Patrinox	estufa 3 band mini	0	251
Patrinox	estufa 4 band mini	0	298
Patrinox	estufa 5 band mini	0	313
Patrinox	estufa 5b c/4  mini 	0	313
Patrinox	estufa 6b c/5 mini 	0	363
Patrinox	estufa 7b c/ 6 mini	0	464
Patrinox	estufa 6b dupla mini	0	398
Patrinox	estufa 8b dupla mini	0	432
Patrinox	estufa 6 b dupla normal	0	497
Patrinox	estufa 8 band dupla	1	630
Patrinox	estufa 10 band dupla	0	601
Patrinox	estufa 3 b normal 	0	290
Patrinox	estufa 4 b normal	0	351
Patrinox	estufa 4b normal c/ 3	0	351
Patrinox	estufa 5b normal c/ 4	1	394
Patrinox	estufa 6b normal c/ 5	0	475
Patrinox	estufa 7b normal c/ 6	0	560
Patrinox	Estufa reta 4B	0	740
Patrinox	Estufa reta 5B 1m	0	968
Patrinox	Estufa reta 6B  1,20 m	0	1.139
Patrinox	Estufa reta 6B  dupla	0	1.066
Patrinox	Estufa reta 8 B dupla	0	1.175
Patrinox	Estufa reta 10 dupla 	0	1.397
Patrinox	estufa dupla 12 b 1,20m  preta	1	2.115
Patrinox	estufa tripla 18 b 1,20m	0	1.849
Patrinox	vitrine GELO X 	0	334
Patrinox	derretedeira 1 cuba 5k	0	270
Patrinox	derretedeira 2 cuba  5 k  	0	250
Patrinox	derretedeira 2 cuba  10 k	0	410
Patrinox	derretedeira 3 cuba 15 k  	0	520
Patrinox	Fritadeira 1 cuba + escorredor 	0	380
Patrinox	Fritadeira 2 cuba + escorredor 	0	580
Patrinox	escorredor de batata  40x29	0	95
Patrinox	escorredor de batata  52x29	0	128
Patrinox	escorredor de batata  70x29	0	156
Patrinox	copeira 40x30x7	0	58
Patrinox	marmiteiro 12 marmitas	0	280
Patrinox	marmiteiro 18 marmitas	0	357
Patrinox	marmiteiro 25 marmitas s/ cavalete	0	556
Patrinox	marmiteiro 25 marmitas	0	723
Patrinox	escorredor de pastel 40x29x7	0	75
Patrinox	escorredor de pastel 52x29x8	0	108
Patrinox	escorredor de pastel 70x29x9	0	148
Patrinox	resit. Estufa 3b	0	17
Patrinox	resit. Estufa 4b	0	18
Patrinox	resit. Estufa 5b	0	19
Patrinox	jogo carvăo	0	3.8
Patrinox	bandeja mini 13x24x3	0	19
Patrinox	bandeja normal 14x30x3	1	23
			
Fritadeira 	fritador retangular  1 cuba 3000w 110v	0	280
Fritadeira 	fritador retangular  duplo 3000w 220v	0	460
Fritadeira 	fritador redondo grande  7,litros	0	210
Fritadeira 	fritador redondo pequeno 3.5l	0	180
Fritadeira 	resistencia para tacho 3,5 litros	0	80
Fritadeira 	resistencia para estufa 6b	0	40
Fritadeira 	resistencia para estufa 7b	0	41
Fritadeira 	resistencia para estufa 8b	0	44
			
Polo frio	Balcăo refrigerado 1,80m VSC preto P dupla	0	4.519
Polo frio	Balcăo Refrigerado Confeitaria 1,25m preto 220v	0	4.280
Polo frio	Balcăo Refrigerado confeitaria 1,50m New Premium	0	5.290
Polo frio	Balcăo Caixa 80 cm New Premium	0	2.112
Polo frio	vitrine seca 1,25 New Premium	0	2.534
Polo frio	Caixa 80	0	1.632
Polo frio	Caixa 125m	0	1.780
Polo frio	vitrine seca 1,25	0	1.645
Polo frio	Balcăo refrigerado 1,25 v. reto	0	3.321
Polo frio	Balcăo refrigerado 1,50 v. reto	0	3.672
Polo frio	Balcăo Refr. 1,25 Confeitaria v. reto	0	4.072
Polo frio	Caixa80 v,. Reto	0	1.572
Polo frio	vitrine seca 1,25 v. Reto	0	1.533
			
Planmar	cadeira	0	22
Planmar	mesa plastica branca c/ cadeira	0	135
			
Progás	misturela 10l	0	1.490
Progás	Misturela 22 L  NR12	1	3.102
Progás	forno turbo 5 esteiras	1	4.478
Progás	mesa para Forno eletrico	1	309
Progás	Forno turbo fast oven  	1	1.642
Progás	grades para forno fast oven	0	36
Progás	churrasqueira  rotativo 5 esp. Preta	0	806
Progás	churrasqueira  rotativo 5 horizontal inox	0	1.283
Progás	Forno rotativo 128k	0	5.496
Progás	Mesa aquecida 70 	0	403
Progás	Mesa aquecida 1m	0	457
Progás	moinho de pao	0	944
Progás	ralador de queijo	0	1.333
Progás	Masseira lenta 15 k 	0	3.002
Progás	Masseira rapida 5k	0	2.722
Progás	Masseira rapida  15k 	0	4.136
Progás	Fogăo 6 b duplas 40x40 inox	0	4.151
Progás	Forno inox 	1	1.055
Progás	Forno pintado	1	570
Progás	Fogăo 5 b 1G + 4 p	1	1.625
Progás	fritador  eletrico duplo	0	2.080
Progás	fritador  eletrico grande 3 cestos p 1 cesto g	1	2.560
			
Papaleguas	fogăo redondo 34cm com tripe	0	170
Papaleguas	fogăo redondo 51cm zincado	0	219
Papaleguas	fogăo redondo 64cm  zincado	0	286
Papaleguas	fogăo redondo 64cm cromado	0	358
Papaleguas	fogăo quadrado 50x50 3 queimadores	0	358
Papaleguas	disco 38 cm com borda  4 cm	0	137
Papaleguas	disco 38 cm com borda  7 cm	0	154
Papaleguas	disco 43 cm 	0	184
Papaleguas	trempe fogo de chao c/ grelha	0	125
			
Peças	Queimador infra vermelho	2	58
Peças	Tela expandida	0	500
Peças	Gancho simples	0	5.1
Peças	Gancho duplo	0	6.02
Peças	Rosca s/fim aluminio varăo	0	7.5
Peças	Engrenagem 30 dentes MF04 aluminio	0	8.2
Peças	Engrenagem 32 dentes MF05	0	9
Peças	Engrenagem celeron	0	37
Peças	engrenagem frangueira nylon preta	0	54
Peças	engrenagem forno rotativo progas	0	62
Peças	Tubo injetor frangueira1/4x55cm	0	20
Peças	Espeto c/cabo 1/2x1150mm	0	19
Peças	rosca s/ fim aluminio	0	7
Peças	Rosca s/fim ferro 	0	13
Peças	Rosca s/fim ferro motor	0	32
Peças	espeto	0	15.4
Peças	Resgistro c/ mang. AP 1,00m	0	28
Peças	Registro c/ mangueira A P 1,20m	0	28
Peças	Registro P 1k	0	13.25
Peças	Registro P 1k c/ mangueira 1,25	0	23.9
Peças	Registro G 2k	0	27.45
Peças	Registro G 5k	0	36
Peças	Registro G 5k p/ flexivel	0	38
Peças	Registro 1k c/ manometro	0	30.45
Peças	Registro 2k c/ manometro	0	31.68
Peças	Registro 2k formagás	0	19.23
Peças	Registro 2k formagás ponta para forno	0	19.23
Peças	Registro Aliança  1k 504/1	0	23
Peças	Registro Aliança  2k 506/01	11	31
Peças	Registro Aliança  2k c/ rosca 506/10	0	35
Peças	Registro Aliança 5k 506/38	3	38
Peças	Mangueira normalizada 1m	0	9
Peças	Mangueira normalizada 1,25m	8	11.6
			
FLEXIVEL	mangueira aço 1.20BMxBM	2	21
FLEXIVEL	Mangueira aço 1,50 BMXBM	3	25
FLEXIVEL	Mangueira aço 1,80  BMXBM	3	30
FLEXIVEL	Mangueira aço 2,00  BMxBM	0	33
FLEXIVEL	Mangueira aço 2,50  BMXBM	1	69
FLEXIVEL	Mangueira aço 3,00 BMxBM	0	54
FLEXIVEL	mangueira aço 1,20m Macho/BM	0	26
FLEXIVEL	mangueira aço 1,50 Macho/BM	0	31
FLEXIVEL	mangueira aço  2m  Macho/BM	0	40
FLEXIVEL	mangueira aço 1,20 Femea/BM	0	25
FLEXIVEL	mangueira aço 1,50 Femea/BM	0	30
FLEXIVEL	mangueira aço 2,00 Femea/BM	0	38
FLEXIVEL	mangueira  1,20  F/M	0	32
FLEXIVEL	mangueira   1,50 F/M	0	37
FLEXIVEL	mangueira  1,80 F/M	0	41
FLEXIVEL	mangueira   2m F/M	0	45
FLEXIVEL	mangueira 1,20m DAKO/DAKO	0	41
FLEXIVEL	Mangueira 1,50m DAKO/DAKO	0	46
FLEXIVEL	mangueira 1,20m DAKO/MACHO	0	37
FLEXIVEL	mangueira 1,50m DAKO/MACHO	1	42
FLEXIVEL	mangueira 2,00m DAKO/MACHO	0	50
FLEXIVEL	mangueira 1,20m DAKO/Femea	1	25
FLEXIVEL	mangueira 1,50m DAKO/Femea	0	28
FLEXIVEL	mangueira 1,20 DAKO/BM	0	31
FLEXIVEL	mangueira 1,50 DAKO/BM	0	35
FLEXIVEL	mangueira 2,00 DAKO/BM	0	43
FLEXIVEL	mangueira 2,50 DAKO/BM	0	52
FLEXIVEL	arruela p/ flexivel	0	0.4
FLEXIVEL	Abraçadeira	32	1.86
FLEXIVEL	T p/ gás	3	3.85
FLEXIVEL	tampăo para fogao 	0	0
FLEXIVEL	adaptador macho C0111	0	6
FLEXIVEL	adaptador femea C0112	0	6
FLEXIVEL	adaptador gás R0600	0	3.85
FLEXIVEL	perfil de silicone	0	12
FLEXIVEL	registro montado R0612	0	5.05
FLEXIVEL	Reg. Latăo 3/8 anilha x 3/8 BM completo	0	10.63
FLEXIVEL	Registro 1/8M x 1/8F Latăo R614	0	6.9
FLEXIVEL	registro femeaxbm R0611	0	3.67
FLEXIVEL	registro R0604	0	2.55
FLEXIVEL	registro R103	0	2.31
FLEXIVEL	registro giratorio R606	0	3.48
FLEXIVEL	registro giratorio R607	0	3.52
FLEXIVEL	registro montdo p2 R0613	0	4.93
FLEXIVEL	rolo mangueira AP	0	88.9
FLEXIVEL	Bico Comum C0106	0	5
FLEXIVEL	torneira CAFETEIRA C/ nivel	0	55
FLEXIVEL	torneira CAFETEIRA S/ nivel	0	45
FLEXIVEL	oring reparo vidro nivel	0	0.5
FLEXIVEL	vidro nivel cafeteria	1	4.8
FLEXIVEL	coador de pano 2l	0	4
FLEXIVEL	coador de pano 4l, 6 8 e 10 litros	0	6
FLEXIVEL	aro para coador	0	15
			
Peças Baixa Pressăo	Registro Itajobi 5001	0	0
Peças Baixa Pressăo	Registro Itajobi sem mola 5002	0	0
Peças Baixa Pressăo	Registro Colorido 5003	0	0
Peças Baixa Pressăo	Registro Cristalaço palito 5004	0	0
Peças Baixa Pressăo	Registro Itajobi 4 riscos 5005	0	0
Peças Baixa Pressăo	Registro Itajobi 4 riscos longo 5006	0	0
Peças Baixa Pressăo	Registro latăo forno 5007	0	0
Peças Baixa Pressăo	Registro Gigante 6 riscos 5008	0	0
Peças Baixa Pressăo	Registro T 5009	0	0
Peças Baixa Pressăo	Registro Chapa latăo 5010	0	0
Peças Baixa Pressăo	Registro chapa 5011	0	0
Peças Baixa Pressăo	Registro cromo especial 16mm 5015	0	0
Peças Baixa Pressăo	Registro Itajobi 6 riscos 5016	0	0
Peças Baixa Pressăo	Registro itajobi 6 riscos banho especial 5017	0	0
Peças Baixa Pressăo	Registro forno itajobi madeira 5018	0	0
Peças Baixa Pressăo	Gicle rosca fina 5012	0	0
Peças Baixa Pressăo	Gicle com regulagem edanca 5013	0	0
			
Peças para Estufa	resistencia estufa WCS trave	0	12
Peças para Estufa	resistencia blindada IBET	0	18
Peças para Estufa	botăo termostat	0	
Peças para Estufa	botăo termostato	0	3
Peças para Estufa	Termostato p/ estufa	0	13
Peças para Estufa	Termostato para estufa	0	14.75
Peças para Estufa	Resistencia Marhesoni 350w	0	0
Peças para Estufa	Resistencia TITĂ estufa	0	110
Peças para Estufa	Resistencia U 170w	0	0
Peças para Estufa	Resistencia U 200w	0	0
Peças para Estufa	Resistencia L 750w	0	0
Peças para Estufa	Resistencia Elbac 220v	0	0
Peças para Estufa	Resistencia 750W U comprida	0	0
Peças para Estufa	Resistencia L comprida 200w	0	0
Peças para Estufa	Resistencia L media 200w	0	0
Peças para Estufa	Resistęncia blindada edanca	0	12
Peças para Estufa	Fio p/ resistęncia	0	5
Peças para Estufa	Lâmpada p/ estufa	0	2
Peças para Estufa	Liga / desliga simples	0	2.5
Peças para Estufa	Luz piloto	0	3.5
Peças para Estufa	lampada p/ estufa g	0	4.96
Peças para Estufa	isolante porcelana	0	1.5
Peças para Estufa	Friso dourado 0,45cm	0	2.25
Peças para Estufa	Friso dourado 0,40cm	0	2.25
Peças para Estufa	Friso dourado 1,28cm	0	5
Peças para Estufa	Resisrencia edanca 	0	18
Peças para Estufa	Resistęcia Edanca reta 220v 3	0	10
Peças para Estufa	resistencia tacho 3400w	0	90
Peças para Estufa	termostato  italinox 16A Persicontrols	0	52
Peças para Estufa	rele de segurança	0	54
Peças para Estufa	Termostato 50ş a 300ş R.shaw s/ bucha	0	148
Peças para Estufa	resitencia estufa edanca 180x29  200w 220v	0	15.55
Peças para Estufa	resitencia estufa edanca 180x29  200w 110v	0	17.5
Peças para Estufa	resistencia tipo trave 300x100 180w 220v	0	16.65
Peças para Estufa	resistencia tipo trave 300x100 180w 110v	0	16.65
Peças para Estufa	resistencia tipo trave 400x100 200w 220v	0	18
Peças para Estufa	resistencia tipo trave 400x100 200w 110v	0	18
Peças para Estufa	resistencia tipo trave 500x100 250w 220v	0	19.1
Peças para Estufa	resistencia tipo trave 500x100 250w 110v	0	19.1
Peças para Estufa	resistencia tipo trave 600x100 300w 220v	0	20.6
Peças para Estufa	resistencia tipo trave 600x100 300w 110v	0	20.6
Peças para Estufa	Termostato tiwa 50-300 30A s/ bucha 	0	81
Peças para Estufa	Termostato tiwa 50-300 30A c/ bucha 	0	81
Peças para Estufa	Termostato tiwa 80-200 30A c/ bucha 	4	81
Peças para Estufa	Termostato tiwa 20-120A c/ bucha 	0	81
Peças para Estufa	Termostato 20ş a 120ş Tiwa 30A c/ bucha	1	58
Peças para Estufa	Termostato 50ş a 300ş twia 30A s/ bucha	1	58
Peças para Estufa	termostato 50 a 200 Twia 30a c/ bucha	1	58
Peças para Estufa	Termostato HULI  50/300 30a c/ bucha	0	68
Peças para Estufa	resistencia cafeteria 900w (5-220v/2-110)	0	35
Peças para Estufa	resistencia  cafeteira 1300w(2110v/3-220v)	0	41
Peças para Estufa	Resistencia Banho maria 1500w	0	25
Peças para Estufa	Resistencia Banho maria 2000w	0	30
Peças para Estufa	Resistencia  Carro termico 2500w 110v	0	55
Peças para Estufa	Resistencia  Carro termico 2500w 220v	2	55
Peças para Estufa	Resistencia Carro termico   3000w	3	65
Peças para Estufa	Resistencia Carro termico   estreita 2500w	0	58
Peças para Estufa	Resistencia Carro termico   estreita 2000w	0	58
Peças para Estufa	Resistencia Carro termico   estreita 1500w	0	58
Peças para Estufa	Resistencia Carro termico   estreita 1000w	0	48
Peças para Estufa	Resistęncia Banho Maria circular 1500w	0	58
Peças para Estufa	Resistęncia Esterelizador 750w 110v	0	31
Peças para Estufa	Resistęncia esterelizador 750w 220v	0	31
Peças para Estufa	Resistęncia esterelizador 1000w 110v	0	45
Peças para Estufa	Resistęncia esterelizador 1000w 220v	0	45
Peças para Estufa	resistencia marmiteiro 1000w	0	25
Peças para Estufa	resistencia marmiteiro 1500w  220v	0	40
Peças para Estufa	Resistencia marmiteiro 2000w	1	45
Peças para Estufa	Resistencia marmiteiro 2500w 220	0	50
Peças para Estufa	Resistencia marmiteiro 2500w 110	0	50
Peças para Estufa	Resistencia marmiteiro 3000w	0	55
Peças para Estufa	arruela verde	0	1
Peças para Estufa	Resistencia estufa reta 30cm 110v	0	28
Peças para Estufa	Resistencia estufa reta 40cm 110v	0	30
Peças para Estufa	Resistencia estufa reta 50cm 110v	0	35
Peças para Estufa	Resistencia estufa reta 1,00 m 220v	0	50
Peças para Estufa	Resistencia estufa reta 1,20 m 220v	0	55
Peças para Estufa	Termostato 50/200 sem bucha	0	38
Peças para Estufa	Temostato 50/300	0	38
Peças para Estufa	Termostato 20/120 sem bucha	0	38
Peças para Estufa	Termostato 20/120 com bucha	0	42
Peças para Estufa	Lampada piloto	0	3.5
Peças para Estufa	Peça para forno 	0	3.5
Peças para Estufa	Resistencia fritador siemsen redonda	0	80
Peças para Estufa	botăo liga/desl. Com acab. Borracha	0	15
Peças para Estufa	resistencia elbac 2,5kw	0	55
Peças para Estufa	resistencia fire 3500w	0	90
Peças para Estufa	resistencia fire 4500w	0	100
Peças para Estufa	resist. Fritador mult.5000w Siems.	0	60
Peças para Estufa	resist.tacho 7l 5000w	0	54
Peças para Estufa	Resistencia Ital 3300w	0	54
Peças para Estufa	Resistencia Ital 3000w	0	54
Peças para Estufa	Resistencia Ital 2500	0	54
Peças para Estufa	mal	0	54
Peças para Estufa	resist.tacho 7l 3400w 220v	0	68
Peças para Estufa	Resistencia Becaro 3000W	0	35
Peças para Estufa	resitencia camara climatica modelo cafeteira	0	28
Peças para Estufa	Resitencia auto clave ponta 90 1500w e 2000w	0	38
Peças para Estufa	resistencia camara climatica c/fio 900w	0	38
Peças para Estufa	resist. Tacho 7 l 3500w 220v	0	49
Peças para Estufa	resist. Tacho italinox	0	42
Peças para Estufa	resist. Pasteleiro italinox	0	42
Peças para Estufa	resit. Agua e oleo tedesco 180mm	0	90
Peças para Estufa	resist. Fritador 1 cuba	0	42
Peças para Estufa	resistencia fritadeira 3.800w 220v 	0	68
Peças para Estufa	resistencia fritadeira 3.800w 220v 120mm	0	68
Peças para Estufa	resistencia fritadeira 3.800w 220v 170mm	0	68
Peças para Estufa	resistencia especial tacho sire 4500w 220v	0	81
Peças para Estufa	resistencia especial tacho sire 3500w 220v	0	69
Peças para Estufa	Arruela fibra 5/8 niple	0	0.45
Peças para Estufa	Botăo chapa Edanca	0	6
Peças para Estufa	Botăo simples	0	0.9
Peças para Estufa	Botăo termostato edanca	0	5
Peças para Estufa	Registro p/ chapa latăo	0	10
Peças para Estufa	Registro p/ chapa apis simples	0	3
Peças para Estufa	botăo valmaza	0	2
Peças para Estufa	Registro p/ frangueira	0	7
Peças para Estufa	Registro AP LATĂO	0	12
Peças para Estufa	Registro p/ forno latăo	0	10.75
Peças para Estufa	Adaptador p/ registro	0	4.2
Peças para Estufa	Registro p/ fogăo	0	22
Peças para Estufa	Caulim chuveirinho	0	0.76
Peças para Estufa	queimador c/ 8 caulim cano longo	0	40
Peças para Estufa	queimador c/ 4 caulim 	0	7.1
Peças para Estufa	queimador c/ 4 caulim curto	0	7.01
Peças para Estufa	termometro digital espeto	0	18
Peças para Estufa	Termometro laser GM 550	0	80
Peças para Estufa	Termometro laser  GM 320 	0	70
Peças para Estufa	Balança com gancho	0	25
			
Peças p/ Extrator Suco	castanha meia lua colombo	0	
Peças p/ Extrator Suco	castanha meia lua mini	0	5
Peças p/ Extrator Suco	castanha  limăo quadrada	0	4
Peças p/ Extrator Suco	Castanha eixo quadrado	0	5
Peças p/ Extrator Suco	Castanha eixo meia lua	0	5
Peças p/ Extrator Suco	Castanha pequena siemsem	0	5
Peças p/ Extrator Suco	Eixo quadrado Metvisa Antigo	0	11.5
Peças p/ Extrator Suco	eixo quadrado extrator	0	10
Peças p/ Extrator Suco	Copo c/ peneira Croydon	0	15.25
Peças p/ Extrator Suco	castanha siemsem	0	12
Peças p/ Extrator Suco	base extrator met visa	0	
Peças p/ Extrator Suco	chave tecla  ligar e desliga  skymen	0	5.14
Peças p/ Extrator Suco	Chave margirius Unipolar	0	21
Peças p/ Extrator Suco	Chave margirius Bipolar	0	41
			
Pçs Met Visa	soquete grande maciço	0	45
Pçs Met Visa	Soquete grande	0	26.1
Pçs Met Visa	Soquete pequeno	0	14.3
Pçs Met Visa	Disco ralador	0	40
Pçs Met Visa	Disco ralador Sire	0	18
			
Pçs Diversas	Interruptor tecla vermelha	0	13
Pçs Diversas	suporte do disco sire 	0	92
Pçs Diversas	Terminal pré isolado amarelo Femea	0	0.4
Pçs Diversas	Terminal pré isolado amarelo Femea	0	0.4
Pçs Diversas	Lamina liquidificador	0	13
Pçs Diversas	Gelo X p/ vitrine	0	9
Pçs Diversas	Gelo X p/ mesa fria gde	0	15
Pçs Diversas	vering	0	3
Pçs Diversas	bolacha	0	12
Pçs Diversas	Lamina liquidificador	0	15
Pçs Diversas	mancal p/ luiquidifiacdor	0	45
Pçs Diversas	bolacha	0	
Pçs Diversas	microinterruptaor	0	25.2
Pçs Diversas	botăo liga/desliga	0	10
Pçs Diversas	fio p/ emabaladora	0	5
Pçs Diversas	fita niquel 2x10	0	10
Pçs Diversas	fita niquel 3x10	0	15
Pçs Diversas	fita teflon adesivo 15x30	0	10
Pçs Diversas	fita teflon adesivo 30x30	0	15
			
RECORD	fritadeira agua e oleo	0	736
RECORD	fritadeira agua e oleo mesa	0	849
RECORD	Cafeteira 10 litros	0	850
RECORD	Cafeteira 6 litros	0	788
RECORD	Cafeteira 4 litros	0	734
RECORD	Cafeteira 2 litros	0	665
RECORD	esterelizador 3 bule	0	510
RECORD	esterelizador 2 bule	0	450
RECORD	marmiteiro 25 c/ termostato	0	665
RECORD	coador 2 litros	0	9.5
RECORD	coador 4 litros	0	12
RECORD	coador 6  litros	0	14
RECORD	coador 8 litros	0	17
RECORD	coador 10 litros	0	19
RECORD	aro para cafeteira 2 litros	0	22
RECORD	aro para cafeteira 4/6 litros	0	25
RECORD	Anel de vedaçăo	0	6
			
ROA	tacho n14	0	31.5
ROA	tacho n16	0	35
ROA	tacho n18	0	28
ROA	tacho n20	0	49
ROA	tacho n22	0	38
ROA	queimador pasteleiro grande	0	24
ROA	borboleta rosca  grossa 	0	2.1
ROA	bico 1/8 nptx 3/8	0	0.65
ROA	abraçadeira de alta pressăo	0	0.8
ROA	caulins alto	0	0.8
ROA	registro ramal	0	3.9
ROA	lança chamas	0	34
ROA	fogăo 2b c/ chapa	0	110
ROA	fogăo 2b esmaltado	0	63
ROA	Frigideira esmaltada c/ cesto 26 G	0	36
			
REFRIGEL	vitrine seca 1,50 preta premium 	0	936
REFRIGEL	caixa 80 cm preto  premium 	0	1.224
REFRIGEL	vitrine refrigerada 1,0 premium preta confeitaria	0	2.970
REFRIGEL	vitrine seca 1.50 inox pop	0	758
REFRIGEL	balcăo.ref.1.80 inox pop 220 v	0	1.982
REFRIGEL	copa com cuba pia 1.50 inox pop	0	1.425
			
Refrimate	balcăo encosto 2m inox	0	5.166
Refrimate	geladeira Visa 1p	0	3.490
Refrimate	mini camara 2 portas	0	3.844
Refrimate	cervejeira 250 litros porta de vidro	0	3.671
Refrimate	cervejeira 250 litros porta cega	0	3.188
Refrimate	geladeira 250 litros porta de vidro	0	3.102
Refrimate	Cervejeira 400 litros preta P. Vidro	0	4.363
Refrimate	Cervejeira 400 litros preta P. Cega	0	3.916
Refrimate	Cervejeira 570 litros p. vidro	0	4.923
Refrimate	Geladeira Multiuso 570 litros	1	4.850
Refrimate	Geladeira Multiuso 400 litros	0	3.804
Refrimate	geladeira inox 4 portas 	0	5.223
Refrimate	geladeira inox 6portas 	0	6.984
Refrimate	Balcăo refrigerado 2 pistas 1,45m	0	4.099
Refrimate	vitrine seca 1,45m	0	2.503
Refrimate	Balcăo estufa 	0	1.937
Refrimate	Balcao Caixa	0	2.059
Refrimate	Balcăo confeitaria 1,10 m	0	4.467
Refrimate	Balcăo confeitaria 75cm	0	4.020
Refrimate	ilha para congelados 	0	4.545
			
R. Baiăo	Seladora mesa 30 cm	0	259
R. Baiăo	Seladora pedestal disparo 30 cm	0	376
R. Baiăo	Seladora pedestal barra quente 40 cm c/ cont	0	531
R. Baiăo	Embaladora 50 cm inox	0	840
R. Baiăo	teflon adesivo selador rolo 	0	5
R. Baiăo	Teflon em barra 30cm branco	0	20.5
R. Baiăo	Teflon em barra 40cm branco	0	26.5
R. Baiăo	resistencia seladora 30 cm 	0	12.5
R. Baiăo	resistencia seladora 40 cm 	0	20.5
R. Baiăo	borracha  seladora BQ 40	0	45
			
R2 Churros	bancada churros c/ 2 doceira	0	1.591
R2 Churros	Doceira	0	125
			
Sirman	cortador frios  CFI 300	0	3.164
Sirman	Cortador de frios CFI 250	0	2.709
Sirman	Correia cortador de Frios	0	83
			
Solrac	placa 40x50 branca	0	67
Solrac	placa 50x50 branca	0	94
Solrac	placa colorida 30x50x10	0	66
Solrac	placa colorida 30x50x15	0	76
Solrac	placa colorida 25x35	0	35
Solrac	placa branca 60x40	0	90
Solrac	placa rosa 40x25x8	0	21.9
Solrac	placa colorida 33x23x6mm	0	14
Solrac	placa 1,50x65x8mm	0	149.8
Solrac	placa 1,80x65x8mm	0	180.8
Solrac	colher colorida  30	0	7
Solrac	colher colorida 35	0	8
Solrac	colher colorida 40	1	9
Solrac	colher colorida  45 	0	10
Solrac	espatula silicone 250ş	0	6.5
Solrac	espatula rosa 50ş	0	2.5
Solrac	Bailarina Rosa	0	55
Solrac	colher nylon 60	1	28
Solrac	colher nylon 70	0	48
Solrac	colher 60 cabo inox	0	4
Solrac	colher 80 cabo inox	0	58
Solrac	colher 1m cabo inox	0	66
Solrac	remo 60	0	28
Solrac	remo 70	0	57
Solrac	remo 80	0	62
Solrac	remo 90cm	1	68
Solrac	pá remo cabo inox 60	0	52
Solrac	pá remo cabo inox 80	0	68
Solrac	pá remo cabo inox 1m	0	76
Solrac	suporte p/ tabua	0	25.9
Solrac	modelador de coxinha	0	11
Solrac	peneira  30cm Farinha	0	34
Solrac	peneria 30cm Galvanizada farinha	0	30
Solrac	peneria 40cm Galvanizada fuba	0	41
Solrac	descamador de peixe	0	11
Solrac	kit martelo c/ placa	0	44
Solrac	martelo com hastes inox	0	21
Solrac	martelo	0	19
Solrac	socador p/ processador 21x12	0	95
Solrac	socador p/ moedor de carne b 22	0	43
Solrac	concha sorvete	0	15
Solrac	pegador păo inox	0	9.4
Solrac	bisturi p/ păo	0	1.6
Solrac	rolo 25	0	47
Solrac	rolo 30	0	77
Solrac	rolo 35	0	92
Solrac	rolo rosa 25	0	37
Solrac	rolo rosa 30	0	42
Solrac	batedor pera colorido 30  cm	0	15
Solrac	batedor pera colorido 35 cm	0	17
Solrac	batedor pera branco  40 cm	0	19
			
SPOLU	Extrator de suco pratico	0	177.6
SPOLU	Extrator de suco pocket	0	196.55
SPOLU	Extrator de suco m SPOLU	0	238.87
SPOLU	Extrator de suco indL. SPOLU	0	407
SPOLU	Extrator de suco Potenza	0	477.93
SPOLU	liquidificador A. R 1,75 atak	0	283.89
SPOLU	liquidificador A. R 2, l economy	0	323.34
SPOLU	liquidificador A. R 3,5 l	0	477
SPOLU	liquidificador bx R  2 l 	0	486.6
SPOLU	liquidificador bx R  4 l	0	515.31
SPOLU	liquidificador 25 litros	0	1329.57
SPOLU	assador 5 espetos	0	989
SPOLU	Fritadeira 1 cuba	0	369
SPOLU	fritadeira 2 cubas	0	669
SPOLU	serra fita bancada	0	1.299
SPOLU	mexedor 8 litros	0	849
SPOLU	mexedor 5 litros	0	791
SPOLU	carro termico 8 cubas	0	1.478
SPOLU	carro termico 10 cubas	0	1.760
SPOLU	copo lquidificador	0	80
			
Skymsen	extrator de suco ESB super	0	897
Skymsen	castanha extrator de suco	0	18
Skymsen	extrator de suco EXBN	0	453
Skymsen	batedor de milk shake	0	695
Skymsen	liquididicador 2litros alta rotaçăo 	0	571
Skymsen	liquididicador 2litros baixa rotaçăo 	0	891
Skymsen	liquidificador 4 litros	0	977
Skymsen	liquidificador 6 litros	0	987
Skymsen	liquidificador 08 litros	0	1.013
Skymsen	liquidificador 10 litros	0	102
Skymsen	fritadeira agua e oleo FRP18 8w	0	2.229
Skymsen	fritadeira agua e oleo FCN	0	1.332
Skymsen	Fritadeira agua e oleo gas	0	6.010
Skymsen	resistencia 5000w 220v quadrada	0	169
Skymsen	Cesto retangular 	0	76
Skymsen	Cesto redondo	0	69
Skymsen	Defletora com proteçăo	0	5
Skymsen	Mancal completo TA 2 Alta rotaçăo	0	123
Skymsen	Eixo completo LS4a 10 Litros	0	104
			
Suzan Peças	Tacho n. 14	0	32
Suzan Peças	Tacho n. 16	0	46
Suzan Peças	Tacho n. 18	0	52
Suzan Peças	Tacho n. 20	0	55
Suzan Peças	Tacho n. 22	0	68
Suzan Peças	Tacho n. 24	0	82
Suzan Peças	Tacho n. 26	0	94
Suzan Peças	escumadeira 20	0	13
Suzan Peças	Peneira 30 	0	35
Suzan Peças	Fogăo 2 b mesa	0	42
Suzan Peças	Lança Chamas	0	28
Suzan Peças	kit mangueira AP	0	25
Suzan Peças	queimador AP 	0	22
Suzan Peças	fogăo 1b AP mesa	0	52
Suzan Peças	fogăo 2b AP mesa 	0	77
Suzan Peças	fogăo 2b AP mesa c/ chapa	1	116
Suzan Peças	fogăo 3 b AP c/ pe	0	231
Suzan Peças	fogăo 2 b AP c/ pe	0	294
			
SAFANELLI	Cooktop 2 bocas	0	272
SAFANELLI	Cooktop 4 bocas	0	392
SAFANELLI	Cooktop 5 bocas	0	409
SAFANELLI	Fogăo 1 eletrico 110/220	0	140
SAFANELLI	Fogăo 2 eletrico 110	0	223
SAFANELLI	Fogăo 2 eletrico 220	0	282
SAFANELLI	Forno Du cheff 	1	495
SAFANELLI	Forno profissional 	0	644
SAFANELLI	grade	0	29
SAFANELLI	Forno eletrico de embutir	0	838
SAFANELLI	Coifa parede v. curvo 90 cm	0	1.024
SAFANELLI	Coifa parede v. curvo 90 cm	0	1.999
			
Tramontina	rechaud redondo	0	605
Tramontina	rechaud basculante 	0	898
Tramontina	rechaud giratorio 1c G	0	1.398
Tramontina	rechaud giratorio  2c	0	1.458
Tramontina	tesoura	0	69
			
Toledo	Balança 32k fit	0	833
Toledo	Balança 32k  Plus	0	724
Toledo	kit  RS232	0	117
Toledo	Impressora	0	914
			
Termogel	gelo x p	0	4.6
Termogel	gelo x G	0	6.7
Termogel	gelo x GG	0	8.8
			
Tită	estufa vapor 6b	0	1.158
Tită	estufa vapor 8b com display	0	1.680
Tită	estufa vapor 12 com display 	0	2.080
Tită	forno eletrico 4 bandejas	0	1.748
			
Tecnocuba	rechaud retangular 2 cubas	0	444
Tecnocuba	rechaud redondo	0	367
			
Tron	Ventilador pedestal 60 preto	1	260
Tron	ventilador parede 60cm bco	0	126.5
Tron	ventilador parede 60cm preto	0	343
			
UPX 	Balança 15k EA	0	488
UPX 	Balança 32k WIND	0	720
UPX 	Balança Blue 300 k plat. 45x60	0	1.080
UPX 	Cortador de frios 	0	3.574
			
USADOS	Cervejeira slim	0	2.300
USADOS	Cervejeira 580 litros	0	2.800
			
Vitalex	extrator de suco M	0	195
Vitalex	extrator de suco 1/2cv 	0	327
Vitalex	Castanha extrator de suco	0	7
Vitalex	Castanha extrator de suco super	0	9
Vitalex	Faca picador m/g	0	27
Vitalex	fatiador manual couve	0	103
Vitalex	processador de alimentos manual	0	156
Vitalex	amassdor de batatas M	0	156
Vitalex	amassdor de batatas G	0	202
Vitalex	picador legumes P	0	46
Vitalex	picador legumes M	0	88
Vitalex	exaustor 25 cm	0	197
Vitalex	exaustor 40 cm	0	229
Vitalex	exaustor 50cm	1	271
Vitalex	exaustor 30 coifa	0	316
Vitalex	exaustor 40 coifa	0	333
			
Venancio	chapa 1m	0	555
Venancio	chapa americana com pé	0	3.249
Venancio	sanduicheira	0	117
Venancio	Prensa c/ molheira	0	590
Venancio	fogăo 2 b bravo 	0	486
Venancio	fogăo 2 b c/  f vermelho, preto	0	1.146
Venancio	fogăo 4b c/f bravo vermelho	0	1.612
Venancio	fogăo 4b c/f bravo preto	0	1.900
Venancio	fogăo 4b c/f bravo branco	1	1.900
Venancio	fogăo 6b c/ forno	0	2.627
Venancio	forno bravo preto com pé	1	1.140
Venancio	forno  bravo preto sem pé	0	1.054
Venancio	forno  bravo vermelho sem pé	0	1.054
Venancio	forno turbo	0	3.949
Venancio	forno eletrico 4 esteiras Smart	0	1.646
Venancio	Forno Refratario 45x80	0	935
Venancio	Forno Refratario 80x62	0	1.130
Venancio	fogăo 4 b c/ f (don bidone)	0	4.225
Venancio	forno embutir (don bidone)	0	3.440
Venancio	refresqueira 1 cuba	0	1.286
Venancio	refresqueira 2 cubas	0	1.805
Venancio	prensa 30	0	111
Venancio	sand. 70	0	250
Venancio	Frangueira 30 F	0	3.200
Venancio	esteira p/ forno smart	0	32
Venancio	Amassadeira rapida 25	0	4.400
Venancio	Amassadeira basculente 25	0	3.171
Venancio	Moinho para păo	0	910
			
ViTORY	Extrator de suco M	0	195
ViTORY	Extrator de suco G	0	370
ViTORY	liquidificador 6 litros	0	500
ViTORY	liquidificador 8 litros	0	550
ViTORY	liquidificador 10 litros	0	600
			
Visa/Metvisa	ralador queijo e coco inox	0	1.517
Visa/Metvisa	disco ralador (desfiador) 5mm	0	60
Visa/Metvisa	cutter 4l	0	1.217
Visa/Metvisa	prensa 	0	55
Visa/Metvisa	modelador de ovos	0	9
Visa/Metvisa	batedor de milk shake	0	442
Visa/Metvisa	fritadeira agua e oleo 8.000 w	0	1.658
Visa/Metvisa	fritadeira agua e oleo 5.000 w	0	1.443
Visa/Metvisa	liquidificador alta rot 2l	0	334
Visa/Metvisa	liquidificador alta rot 1,5l	0	356
Visa/Metvisa	liquidificador alta rot 3,5l	0	399
Visa/Metvisa	liquidificador bx rot  4 litros	0	743
Visa/Metvisa	liquidificador bx rot  8 litros	0	777
Visa/Metvisa	liquidificador bx rot 10 litros	0	786
Visa/Metvisa	moinho pao	0	838
Visa/Metvisa	serra fita c/ cavalete	0	1.785
Visa/Metvisa	serra fita c/ moedor	0	2.398
Visa/Metvisa	mancal complete do copo LAR 2/4 l	0	33
Visa/Metvisa	acomplamento completo LQ 2-10	0	21
Visa/Metvisa	mancal completo LQ 4-10 	0	51
Visa/Metvisa	mancal completo LQ8/10	0	52
Visa/Metvisa	Garrafa termica 1,9 litros	0	133
Visa/Metvisa	Garrafa termica 2,5 litros	0	184
Visa/Metvisa	Porta comanda 0,60 cm	0	47
Visa/Metvisa	Porta comanda 0,90 cm	1	77
Visa/Metvisa	Bandeja antiderrapante 	0	27
Visa/Metvisa	raldor com recepiente	0	44
